Folder Name,Total Matching Samples,Unique Classes in Actual Data,Unique Classes in Predicted Data,Overall Accuracy,Kappa Coefficient,Accuracy for Class 1,Accuracy for Class 2,Accuracy for Class 3
_B4__minus__B3___slash___B4__plus__B3_,500,"[1, 2, 3]","[1, 2, 3]",93.40%,0.689,55.17%,76.92%,99.07%
_B1__plus__B2_,500,"[1, 2, 3]","[1, 2, 3]",93.80%,0.782,87.93%,100.00%,94.41%
_B1__plus__B2___plus___B1__plus__B2_,500,"[1, 2, 3]","[1, 2, 3]",93.80%,0.782,87.93%,100.00%,94.41%
_B1__plus__B2___plus___B1__minus__B2_,500,"[1, 2, 3]","[1, 2, 3]",94.20%,0.781,81.03%,84.62%,96.27%
_B1__plus__B2___plus___B1___times___B2_,500,"[1, 2, 3]","[1, 2, 3]",94.40%,0.797,87.93%,92.31%,95.34%
_B1__plus__B2___plus___B1___slash___B2_,500,"[1, 2, 3]","[1, 2, 3]",93.80%,0.782,87.93%,100.00%,94.41%
_B1__plus__B2___minus___B1__minus__B2_,500,"[1, 2, 3]","[1, 2, 3]",94.00%,0.792,91.38%,100.00%,94.17%
_B1__plus__B2___minus___B1___times___B2_,500,"[1, 2, 3]","[1, 2, 3]",94.40%,0.797,86.21%,100.00%,95.34%
_B1__plus__B2___minus___B1___slash___B2_,500,"[1, 2, 3]","[1, 2, 3]",93.80%,0.782,87.93%,100.00%,94.41%
_B1__plus__B2___times___B1__plus__B2_,500,"[1, 2, 3]","[1, 2, 3]",93.80%,0.782,87.93%,100.00%,94.41%
_B1__plus__B2___times___B1__minus__B2_,500,"[1, 2, 3]","[1, 2, 3]",87.00%,0.504,22.41%,92.31%,95.57%
_B1__plus__B2___times___B1___times___B2_,500,"[1, 2, 3]","[1, 2, 3]",94.00%,0.786,86.21%,100.00%,94.87%
_B1__plus__B2___times___B1___slash___B2_,500,"[1, 2, 3]","[1, 2, 3]",93.60%,0.748,68.97%,84.62%,97.20%
_B1__plus__B2___slash___B1___times___B2_,500,"[1, 2, 3]","[1, 2, 3]",91.80%,0.721,84.48%,100.00%,92.54%
_B1__plus__B2___slash___B1___slash___B2_,500,"[1, 2, 3]","[1, 2, 3]",94.00%,0.789,91.38%,92.31%,94.41%
_B1__minus__B2_,500,"[1, 2, 3]","[1, 2, 3]",87.60%,0.467,20.69%,84.62%,96.74%
_B1__minus__B2___plus___B1__plus__B2_,500,"[1, 2, 3]","[1, 2, 3]",94.20%,0.781,81.03%,84.62%,96.27%
_B1__minus__B2___plus___B1__minus__B2_,500,"[1, 2, 3]","[1, 2, 3]",87.60%,0.467,20.69%,84.62%,96.74%
_B1__minus__B2___plus___B1___times___B2_,500,"[1, 2, 3]","[1, 2, 3]",94.40%,0.797,87.93%,92.31%,95.34%
_B1__minus__B2___plus___B1___slash___B2_,500,"[1, 2, 3]","[1, 2, 3]",87.60%,0.463,20.69%,84.62%,96.74%
_B1__minus__B2___minus___B1__plus__B2_,500,"[1, 2, 3]","[1, 2, 3]",93.40%,0.776,93.10%,100.00%,93.24%
_B1__minus__B2___minus___B1___times___B2_,500,"[1, 2, 3]","[1, 2, 3]",94.40%,0.797,86.21%,100.00%,95.34%
_B1__minus__B2___minus___B1___slash___B2_,500,"[1, 2, 3]","[1, 2, 3]",87.40%,0.469,20.69%,84.62%,96.50%
_B1__minus__B2___times___B1__plus__B2_,500,"[1, 2, 3]","[1, 2, 3]",87.00%,0.504,22.41%,92.31%,95.57%
_B1__minus__B2___times___B1__minus__B2_,500,"[1, 2, 3]","[1, 2, 3]",87.00%,0.453,20.69%,84.62%,96.04%
_B1__minus__B2___times___B1___times___B2_,500,"[1, 2, 3]","[1, 2, 3]",86.80%,0.517,24.14%,92.31%,95.10%
_B1__minus__B2___times___B1___slash___B2_,500,"[1, 2, 3]","[1, 2, 3]",88.20%,0.488,24.14%,84.62%,96.97%
_B1__minus__B2___slash___B1__plus__B2_,500,"[1, 2, 3]","[1, 2, 3]",84.20%,0.383,22.41%,53.85%,93.47%
_B1__minus__B2___slash___B1___times___B2_,500,"[1, 2, 3]","[1, 2, 3]",86.60%,0.466,20.69%,84.62%,95.57%
_B1__minus__B2___slash___B1___slash___B2_,500,"[1, 2, 3]","[1, 2, 3]",88.20%,0.533,24.14%,61.54%,97.67%
_B1___times___B2_,500,"[1, 2, 3]","[1, 2, 3]",94.40%,0.797,87.93%,92.31%,95.34%
B1__times___B2__plus__B1___plus__B2,500,"[1, 2, 3]","[1, 2, 3]",93.20%,0.761,86.21%,84.62%,94.41%
B1__times___B2__plus__B1___minus__B2,500,"[1, 2, 3]","[1, 2, 3]",93.20%,0.761,86.21%,84.62%,94.41%
B1__times___B2__plus__B1___times__B2,500,"[1, 2, 3]","[1, 2, 3]",94.00%,0.786,86.21%,100.00%,94.87%
B1__times___B2__plus__B1___slash__B2,500,"[1, 2, 3]","[1, 2, 3]",93.60%,0.748,68.97%,84.62%,97.20%
B1__times___B2__minus__B1___plus__B2,500,"[1, 2, 3]","[1, 2, 3]",87.00%,0.501,22.41%,92.31%,95.57%
B1__times___B2__minus__B1___minus__B2,500,"[1, 2, 3]","[1, 2, 3]",87.00%,0.510,24.14%,92.31%,95.34%
B1__times___B2__minus__B1___times__B2,500,"[1, 2, 3]","[1, 2, 3]",86.60%,0.516,24.14%,100.00%,94.64%
B1__times___B2__minus__B1___slash__B2,500,"[1, 2, 3]","[1, 2, 3]",87.20%,0.457,22.41%,84.62%,96.04%
_B1___times___B2___times___B1__plus__B2_,500,"[1, 2, 3]","[1, 2, 3]",94.00%,0.786,86.21%,100.00%,94.87%
_B1___times___B2___times___B1__minus__B2_,500,"[1, 2, 3]","[1, 2, 3]",86.80%,0.517,24.14%,92.31%,95.10%
_B1___times___B2___times___B1___times___B2_,500,"[1, 2, 3]","[1, 2, 3]",94.20%,0.789,86.21%,92.31%,95.34%
_B1___times___B2___times___B1___slash___B2_,500,"[1, 2, 3]","[1, 2, 3]",93.80%,0.764,77.59%,84.62%,96.27%
_B1___times___B2___slash___B1__plus__B2_,500,"[1, 2, 3]","[1, 2, 3]",93.80%,0.780,87.93%,92.31%,94.64%
_B1___times___B2___slash___B1___times___B2_,500,"[1, 2, 3]","[1, 2, 3]",94.00%,0.792,91.38%,100.00%,94.17%
_B1___slash___B2_,500,"[1, 2, 3]","[1, 2, 3]",84.20%,0.383,22.41%,53.85%,93.47%
B1__slash___B2__plus__B1___plus__B2,500,"[1, 2, 3]","[1, 2, 3]",93.80%,0.786,91.38%,100.00%,93.94%
B1__slash___B2__plus__B1___minus__B2,500,"[1, 2, 3]","[1, 2, 3]",93.60%,0.781,93.10%,100.00%,93.47%
B1__slash___B2__plus__B1___times__B2,500,"[1, 2, 3]","[1, 2, 3]",93.80%,0.780,87.93%,92.31%,94.64%
B1__slash___B2__plus__B1___slash__B2,500,"[1, 2, 3]","[1, 2, 3]",92.60%,0.742,87.93%,92.31%,93.24%
_B1___slash___B2___times___B1__plus__B2_,500,"[1, 2, 3]","[1, 2, 3]",93.60%,0.748,68.97%,84.62%,97.20%
_B1___slash___B2___times___B1__minus__B2_,500,"[1, 2, 3]","[1, 2, 3]",88.20%,0.488,24.14%,84.62%,96.97%
_B1___slash___B2___times___B1___times___B2_,500,"[1, 2, 3]","[1, 2, 3]",94.00%,0.769,75.86%,84.62%,96.74%
_B1___slash___B2___times___B1___slash___B2_,500,"[1, 2, 3]","[1, 2, 3]",84.20%,0.383,22.41%,53.85%,93.47%
_B1___slash___B2___slash___B1__plus__B2_,500,"[1, 2, 3]","[1, 2, 3]",92.60%,0.742,87.93%,92.31%,93.24%
_B1___slash___B2___slash___B1___times___B2_,499,"[1, 2, 3]",[3],85.77%,0.000,No samples,No samples,100.00%
_B1___slash___B2___slash___B1___slash___B2_,500,"[1, 2, 3]",[3],85.80%,0.000,No samples,No samples,100.00%
_B2__plus__B1_,500,"[1, 2, 3]","[1, 2, 3]",93.80%,0.782,87.93%,100.00%,94.41%
_B2__plus__B1___plus___B2__plus__B1_,500,"[1, 2, 3]","[1, 2, 3]",93.80%,0.782,87.93%,100.00%,94.41%
_B2__plus__B1___plus___B2__minus__B1_,500,"[1, 2, 3]","[1, 2, 3]",94.00%,0.792,91.38%,100.00%,94.17%
_B2__plus__B1___plus___B2___times___B1_,500,"[1, 2, 3]","[1, 2, 3]",94.40%,0.797,87.93%,92.31%,95.34%
_B2__plus__B1___plus___B2___slash___B1_,500,"[1, 2, 3]","[1, 2, 3]",93.80%,0.782,87.93%,100.00%,94.41%
_B2__plus__B1___minus___B2__minus__B1_,500,"[1, 2, 3]","[1, 2, 3]",94.20%,0.781,81.03%,84.62%,96.27%
_B2__plus__B1___minus___B2___times___B1_,500,"[1, 2, 3]","[1, 2, 3]",94.40%,0.797,86.21%,100.00%,95.34%
_B2__plus__B1___minus___B2___slash___B1_,500,"[1, 2, 3]","[1, 2, 3]",93.80%,0.782,87.93%,100.00%,94.41%
_B2__plus__B1___times___B2__plus__B1_,500,"[1, 2, 3]","[1, 2, 3]",93.80%,0.782,87.93%,100.00%,94.41%
_B2__plus__B1___times___B2__minus__B1_,500,"[1, 2, 3]","[1, 2, 3]",87.20%,0.503,20.69%,92.31%,96.04%
_B2__plus__B1___times___B2___times___B1_,500,"[1, 2, 3]","[1, 2, 3]",94.00%,0.786,86.21%,100.00%,94.87%
_B2__plus__B1___times___B2___slash___B1_,500,"[1, 2, 3]","[1, 2, 3]",91.80%,0.721,84.48%,100.00%,92.54%
_B2__plus__B1___slash___B2___times___B1_,500,"[1, 2, 3]","[1, 2, 3]",93.60%,0.748,68.97%,84.62%,97.20%
_B2__plus__B1___slash___B2___slash___B1_,500,"[1, 2, 3]","[1, 2, 3]",94.00%,0.789,91.38%,92.31%,94.41%
_B2__minus__B1_,500,"[1, 2, 3]","[1, 2, 3]",87.00%,0.453,20.69%,84.62%,96.04%
_B2__minus__B1___plus___B2__plus__B1_,500,"[1, 2, 3]","[1, 2, 3]",94.00%,0.792,91.38%,100.00%,94.17%
_B2__minus__B1___plus___B2__minus__B1_,500,"[1, 2, 3]","[1, 2, 3]",87.00%,0.453,20.69%,84.62%,96.04%
_B2__minus__B1___plus___B2___times___B1_,500,"[1, 2, 3]","[1, 2, 3]",94.40%,0.797,87.93%,92.31%,95.34%
_B2__minus__B1___plus___B2___slash___B1_,500,"[1, 2, 3]","[1, 2, 3]",86.80%,0.452,20.69%,84.62%,95.80%
_B2__minus__B1___minus___B2__plus__B1_,147,"[1, 2, 3]","[1, 2, 3]",93.20%,0.733,66.67%,100.00%,96.85%
_B2__minus__B1___minus___B2___times___B1_,500,"[1, 2, 3]","[1, 2, 3]",94.40%,0.797,86.21%,100.00%,95.34%
_B2__minus__B1___minus___B2___slash___B1_,500,"[1, 2, 3]","[1, 2, 3]",86.80%,0.459,20.69%,84.62%,95.80%
_B2__minus__B1___times___B2__plus__B1_,500,"[1, 2, 3]","[1, 2, 3]",87.20%,0.503,20.69%,92.31%,96.04%
_B2__minus__B1___times___B2__minus__B1_,500,"[1, 2, 3]","[1, 2, 3]",87.00%,0.453,20.69%,84.62%,96.04%
_B2__minus__B1___times___B2___times___B1_,500,"[1, 2, 3]","[1, 2, 3]",86.60%,0.516,24.14%,100.00%,94.64%
_B2__minus__B1___times___B2___slash___B1_,500,"[1, 2, 3]","[1, 2, 3]",87.00%,0.471,22.41%,84.62%,95.80%
_B2__minus__B1___slash___B2__plus__B1_,500,"[1, 2, 3]","[1, 2, 3]",85.20%,0.422,22.41%,69.23%,94.17%
_B2__minus__B1___slash___B2___times___B1_,500,"[1, 2, 3]","[1, 2, 3]",87.20%,0.457,22.41%,84.62%,96.04%
_B2__minus__B1___slash___B2___slash___B1_,500,"[1, 2, 3]","[1, 2, 3]",87.60%,0.512,24.14%,53.85%,97.20%
_B2___times___B1_,500,"[1, 2, 3]","[1, 2, 3]",94.40%,0.797,87.93%,92.31%,95.34%
B2__times___B1__plus__B2___plus__B1,500,"[1, 2, 3]","[1, 2, 3]",94.20%,0.797,91.38%,100.00%,94.41%
B2__times___B1__plus__B2___minus__B1,500,"[1, 2, 3]","[1, 2, 3]",94.20%,0.797,91.38%,100.00%,94.41%
B2__times___B1__plus__B2___times__B1,500,"[1, 2, 3]","[1, 2, 3]",94.00%,0.786,86.21%,100.00%,94.87%
B2__times___B1__plus__B2___slash__B1,500,"[1, 2, 3]","[1, 2, 3]",91.80%,0.721,84.48%,100.00%,92.54%
B2__times___B1__minus__B2___plus__B1,500,"[1, 2, 3]","[1, 2, 3]",86.80%,0.487,24.14%,84.62%,95.34%
B2__times___B1__minus__B2___minus__B1,500,"[1, 2, 3]","[1, 2, 3]",87.20%,0.499,24.14%,84.62%,95.80%
B2__times___B1__minus__B2___times__B1,500,"[1, 2, 3]","[1, 2, 3]",86.80%,0.517,24.14%,92.31%,95.10%
B2__times___B1__minus__B2___slash__B1,500,"[1, 2, 3]","[1, 2, 3]",86.60%,0.466,20.69%,84.62%,95.57%
_B2___times___B1___times___B2__plus__B1_,500,"[1, 2, 3]","[1, 2, 3]",94.00%,0.786,86.21%,100.00%,94.87%
_B2___times___B1___times___B2__minus__B1_,500,"[1, 2, 3]","[1, 2, 3]",86.60%,0.516,24.14%,100.00%,94.64%
_B2___times___B1___times___B2___times___B1_,500,"[1, 2, 3]","[1, 2, 3]",94.20%,0.789,86.21%,92.31%,95.34%
_B2___times___B1___times___B2___slash___B1_,500,"[1, 2, 3]","[1, 2, 3]",94.00%,0.792,91.38%,100.00%,94.17%
_B2___times___B1___slash___B2__plus__B1_,500,"[1, 2, 3]","[1, 2, 3]",93.80%,0.780,87.93%,92.31%,94.64%
_B2___times___B1___slash___B2___times___B1_,500,"[1, 2, 3]","[1, 2, 3]",93.80%,0.763,75.86%,84.62%,96.50%
_B2___slash___B1_,500,"[1, 2, 3]","[1, 2, 3]",85.20%,0.422,22.41%,69.23%,94.17%
B2__slash___B1__plus__B2___plus__B1,500,"[1, 2, 3]","[1, 2, 3]",94.20%,0.781,81.03%,84.62%,96.27%
B2__slash___B1__plus__B2___minus__B1,500,"[1, 2, 3]","[1, 2, 3]",93.80%,0.770,79.31%,84.62%,96.04%
B2__slash___B1__plus__B2___times__B1,500,"[1, 2, 3]","[1, 2, 3]",93.80%,0.780,87.93%,92.31%,94.64%
B2__slash___B1__plus__B2___slash__B1,500,"[1, 2, 3]","[1, 2, 3]",94.20%,0.773,74.14%,84.62%,97.20%
_B2___slash___B1___times___B2__plus__B1_,500,"[1, 2, 3]","[1, 2, 3]",91.80%,0.721,84.48%,100.00%,92.54%
_B2___slash___B1___times___B2__minus__B1_,500,"[1, 2, 3]","[1, 2, 3]",87.00%,0.471,22.41%,84.62%,95.80%
_B2___slash___B1___times___B2___times___B1_,500,"[1, 2, 3]","[1, 2, 3]",93.80%,0.785,89.66%,100.00%,94.17%
_B2___slash___B1___times___B2___slash___B1_,500,"[1, 2, 3]","[1, 2, 3]",85.20%,0.422,22.41%,69.23%,94.17%
_B2___slash___B1___slash___B2__plus__B1_,500,"[1, 2, 3]","[1, 2, 3]",94.20%,0.773,74.14%,84.62%,97.20%
_B2___slash___B1___slash___B2___times___B1_,500,"[1, 2, 3]",[3],85.80%,0.000,No samples,No samples,100.00%
_B2___slash___B1___slash___B2___slash___B1_,500,"[1, 2, 3]",[3],85.80%,0.000,No samples,No samples,100.00%
_B1__plus__B3_,500,"[1, 2, 3]","[1, 2, 3]",94.60%,0.812,94.83%,100.00%,94.41%
_B1__plus__B3___plus___B1__plus__B3_,500,"[1, 2, 3]","[1, 2, 3]",94.60%,0.812,94.83%,100.00%,94.41%
_B1__plus__B3___plus___B1__minus__B3_,500,"[1, 2, 3]","[1, 2, 3]",94.20%,0.781,81.03%,84.62%,96.27%
_B1__plus__B3___plus___B1___times___B3_,500,"[1, 2, 3]","[1, 2, 3]",94.60%,0.813,94.83%,100.00%,94.41%
_B1__plus__B3___plus___B1___slash___B3_,500,"[1, 2, 3]","[1, 2, 3]",94.40%,0.806,94.83%,100.00%,94.17%
_B1__plus__B3___minus___B1__minus__B3_,500,"[1, 2, 3]","[1, 2, 3]",92.40%,0.739,91.38%,84.62%,92.77%
_B1__plus__B3___minus___B1___times___B3_,500,"[1, 2, 3]","[1, 2, 3]",94.40%,0.806,94.83%,100.00%,94.17%
_B1__plus__B3___minus___B1___slash___B3_,500,"[1, 2, 3]","[1, 2, 3]",94.60%,0.812,94.83%,100.00%,94.41%
_B1__plus__B3___times___B1__plus__B3_,500,"[1, 2, 3]","[1, 2, 3]",94.40%,0.805,93.10%,100.00%,94.41%
_B1__plus__B3___times___B1__minus__B3_,500,"[1, 2, 3]","[1, 2, 3]",87.40%,0.509,17.24%,92.31%,96.74%
_B1__plus__B3___times___B1___times___B3_,500,"[1, 2, 3]","[1, 2, 3]",94.40%,0.805,93.10%,100.00%,94.41%
_B1__plus__B3___times___B1___slash___B3_,500,"[1, 2, 3]","[1, 2, 3]",91.80%,0.679,55.17%,84.62%,96.97%
_B1__plus__B3___slash___B1___times___B3_,500,"[1, 2, 3]","[1, 2, 3]",86.00%,0.513,22.41%,100.00%,94.17%
_B1__plus__B3___slash___B1___slash___B3_,500,"[1, 2, 3]","[1, 2, 3]",93.60%,0.786,100.00%,100.00%,92.54%
_B1__minus__B3_,500,"[1, 2, 3]","[1, 2, 3]",89.00%,0.476,20.69%,76.92%,98.60%
_B1__minus__B3___plus___B1__plus__B3_,500,"[1, 2, 3]","[1, 2, 3]",94.20%,0.781,81.03%,84.62%,96.27%
_B1__minus__B3___plus___B1__minus__B3_,500,"[1, 2, 3]","[1, 2, 3]",89.00%,0.476,20.69%,76.92%,98.60%
_B1__minus__B3___plus___B1___times___B3_,500,"[1, 2, 3]","[1, 2, 3]",94.60%,0.813,94.83%,100.00%,94.41%
_B1__minus__B3___plus___B1___slash___B3_,500,"[1, 2, 3]","[1, 2, 3]",89.00%,0.471,20.69%,76.92%,98.60%
_B1__minus__B3___minus___B1__plus__B3_,500,"[1, 2, 3]","[1, 2, 3]",92.80%,0.756,93.10%,92.31%,92.77%
_B1__minus__B3___minus___B1___times___B3_,500,"[1, 2, 3]","[1, 2, 3]",94.40%,0.806,94.83%,100.00%,94.17%
_B1__minus__B3___minus___B1___slash___B3_,500,"[1, 2, 3]","[1, 2, 3]",89.00%,0.476,20.69%,76.92%,98.60%
_B1__minus__B3___times___B1__plus__B3_,500,"[1, 2, 3]","[1, 2, 3]",87.40%,0.509,17.24%,92.31%,96.74%
_B1__minus__B3___times___B1__minus__B3_,500,"[1, 2, 3]","[1, 2, 3]",89.20%,0.481,20.69%,76.92%,98.83%
_B1__minus__B3___times___B1___times___B3_,500,"[1, 2, 3]","[1, 2, 3]",85.60%,0.480,13.79%,100.00%,94.87%
_B1__minus__B3___times___B1___slash___B3_,500,"[1, 2, 3]","[1, 2, 3]",88.60%,0.518,18.97%,76.92%,98.37%
_B1__minus__B3___slash___B1__plus__B3_,500,"[1, 2, 3]","[1, 2, 3]",88.80%,0.498,20.69%,76.92%,98.37%
_B1__minus__B3___slash___B1___times___B3_,500,"[1, 2, 3]","[1, 2, 3]",89.00%,0.467,20.69%,76.92%,98.60%
_B1__minus__B3___slash___B1___slash___B3_,500,"[1, 2, 3]","[1, 2, 3]",85.60%,0.485,18.97%,76.92%,94.87%
_B1___times___B3_,500,"[1, 2, 3]","[1, 2, 3]",94.60%,0.813,94.83%,100.00%,94.41%
B1__times___B3__plus__B1___plus__B3,500,"[1, 2, 3]","[1, 2, 3]",95.40%,0.833,94.83%,84.62%,95.80%
B1__times___B3__plus__B1___minus__B3,500,"[1, 2, 3]","[1, 2, 3]",95.40%,0.833,94.83%,84.62%,95.80%
B1__times___B3__plus__B1___times__B3,500,"[1, 2, 3]","[1, 2, 3]",94.40%,0.805,93.10%,100.00%,94.41%
B1__times___B3__plus__B1___slash__B3,500,"[1, 2, 3]","[1, 2, 3]",91.80%,0.679,55.17%,84.62%,96.97%
B1__times___B3__minus__B1___plus__B3,500,"[1, 2, 3]","[1, 2, 3]",86.40%,0.499,17.24%,92.31%,95.57%
B1__times___B3__minus__B1___minus__B3,500,"[1, 2, 3]","[1, 2, 3]",86.60%,0.507,17.24%,92.31%,95.80%
B1__times___B3__minus__B1___times__B3,500,"[1, 2, 3]","[1, 2, 3]",85.80%,0.484,15.52%,100.00%,94.87%
B1__times___B3__minus__B1___slash__B3,500,"[1, 2, 3]","[1, 2, 3]",88.60%,0.515,18.97%,84.62%,98.14%
_B1___times___B3___times___B1__plus__B3_,500,"[1, 2, 3]","[1, 2, 3]",94.40%,0.805,93.10%,100.00%,94.41%
_B1___times___B3___times___B1__minus__B3_,500,"[1, 2, 3]","[1, 2, 3]",85.60%,0.480,13.79%,100.00%,94.87%
_B1___times___B3___times___B1___times___B3_,500,"[1, 2, 3]","[1, 2, 3]",94.00%,0.790,91.38%,92.31%,94.41%
_B1___times___B3___times___B1___slash___B3_,500,"[1, 2, 3]","[1, 2, 3]",93.60%,0.757,75.86%,84.62%,96.27%
_B1___times___B3___slash___B1__plus__B3_,500,"[1, 2, 3]","[1, 2, 3]",94.40%,0.807,96.55%,100.00%,93.94%
_B1___times___B3___slash___B1___times___B3_,500,"[1, 2, 3]","[1, 2, 3]",92.40%,0.739,91.38%,84.62%,92.77%
_B1___slash___B3_,500,"[1, 2, 3]","[1, 2, 3]",88.80%,0.498,20.69%,76.92%,98.37%
B1__slash___B3__plus__B1___plus__B3,500,"[1, 2, 3]","[1, 2, 3]",92.60%,0.746,89.66%,92.31%,93.01%
B1__slash___B3__plus__B1___minus__B3,500,"[1, 2, 3]","[1, 2, 3]",92.80%,0.756,93.10%,92.31%,92.77%
B1__slash___B3__plus__B1___times__B3,500,"[1, 2, 3]","[1, 2, 3]",94.40%,0.807,96.55%,100.00%,93.94%
B1__slash___B3__plus__B1___slash__B3,500,"[1, 2, 3]","[1, 2, 3]",86.60%,0.523,22.41%,92.31%,95.10%
_B1___slash___B3___times___B1__plus__B3_,500,"[1, 2, 3]","[1, 2, 3]",91.80%,0.679,55.17%,84.62%,96.97%
_B1___slash___B3___times___B1__minus__B3_,500,"[1, 2, 3]","[1, 2, 3]",88.60%,0.518,18.97%,76.92%,98.37%
_B1___slash___B3___times___B1___times___B3_,500,"[1, 2, 3]","[1, 2, 3]",93.80%,0.764,77.59%,84.62%,96.27%
_B1___slash___B3___times___B1___slash___B3_,500,"[1, 2, 3]","[1, 2, 3]",88.80%,0.498,20.69%,76.92%,98.37%
_B1___slash___B3___slash___B1__plus__B3_,500,"[1, 2, 3]","[1, 2, 3]",86.60%,0.523,22.41%,92.31%,95.10%
_B1___slash___B3___slash___B1___times___B3_,500,"[1, 2, 3]",[3],85.80%,0.000,No samples,No samples,100.00%
_B1___slash___B3___slash___B1___slash___B3_,500,"[1, 2, 3]",[3],85.80%,0.000,No samples,No samples,100.00%
_B3__plus__B1_,500,"[1, 2, 3]","[1, 2, 3]",94.60%,0.812,94.83%,100.00%,94.41%
_B3__plus__B1___plus___B3__plus__B1_,500,"[1, 2, 3]","[1, 2, 3]",94.60%,0.812,94.83%,100.00%,94.41%
_B3__plus__B1___plus___B3__minus__B1_,500,"[1, 2, 3]","[1, 2, 3]",92.40%,0.739,91.38%,84.62%,92.77%
_B3__plus__B1___plus___B3___times___B1_,500,"[1, 2, 3]","[1, 2, 3]",94.60%,0.813,94.83%,100.00%,94.41%
_B3__plus__B1___plus___B3___slash___B1_,500,"[1, 2, 3]","[1, 2, 3]",94.60%,0.812,94.83%,100.00%,94.41%
_B3__plus__B1___minus___B3__minus__B1_,500,"[1, 2, 3]","[1, 2, 3]",94.20%,0.781,81.03%,84.62%,96.27%
_B3__plus__B1___minus___B3___times___B1_,500,"[1, 2, 3]","[1, 2, 3]",94.40%,0.806,94.83%,100.00%,94.17%
_B3__plus__B1___minus___B3___slash___B1_,500,"[1, 2, 3]","[1, 2, 3]",94.40%,0.806,94.83%,100.00%,94.17%
_B3__plus__B1___times___B3__plus__B1_,500,"[1, 2, 3]","[1, 2, 3]",94.40%,0.805,93.10%,100.00%,94.41%
_B3__plus__B1___times___B3__minus__B1_,500,"[1, 2, 3]","[1, 2, 3]",86.20%,0.489,17.24%,92.31%,95.34%
_B3__plus__B1___times___B3___times___B1_,500,"[1, 2, 3]","[1, 2, 3]",94.40%,0.805,93.10%,100.00%,94.41%
_B3__plus__B1___times___B3___slash___B1_,500,"[1, 2, 3]","[1, 2, 3]",86.00%,0.513,22.41%,100.00%,94.17%
_B3__plus__B1___slash___B3___times___B1_,500,"[1, 2, 3]","[1, 2, 3]",91.80%,0.679,55.17%,84.62%,96.97%
_B3__plus__B1___slash___B3___slash___B1_,500,"[1, 2, 3]","[1, 2, 3]",93.60%,0.786,100.00%,100.00%,92.54%
_B3__minus__B1_,500,"[1, 2, 3]","[1, 2, 3]",89.00%,0.476,20.69%,76.92%,98.60%
_B3__minus__B1___plus___B3__plus__B1_,500,"[1, 2, 3]","[1, 2, 3]",92.40%,0.739,91.38%,84.62%,92.77%
_B3__minus__B1___plus___B3__minus__B1_,500,"[1, 2, 3]","[1, 2, 3]",89.00%,0.476,20.69%,76.92%,98.60%
_B3__minus__B1___plus___B3___times___B1_,500,"[1, 2, 3]","[1, 2, 3]",94.60%,0.813,94.83%,100.00%,94.41%
_B3__minus__B1___plus___B3___slash___B1_,500,"[1, 2, 3]","[1, 2, 3]",89.00%,0.480,20.69%,76.92%,98.60%
_B3__minus__B1___minus___B3__plus__B1_,500,"[1, 2, 3]","[1, 2, 3]",93.40%,0.758,79.31%,84.62%,95.57%
_B3__minus__B1___minus___B3___times___B1_,500,"[1, 2, 3]","[1, 2, 3]",94.40%,0.806,94.83%,100.00%,94.17%
_B3__minus__B1___minus___B3___slash___B1_,500,"[1, 2, 3]","[1, 2, 3]",89.00%,0.476,20.69%,76.92%,98.60%
_B3__minus__B1___times___B3__plus__B1_,500,"[1, 2, 3]","[1, 2, 3]",86.20%,0.489,17.24%,92.31%,95.34%
_B3__minus__B1___times___B3__minus__B1_,500,"[1, 2, 3]","[1, 2, 3]",89.20%,0.481,20.69%,76.92%,98.83%
_B3__minus__B1___times___B3___times___B1_,500,"[1, 2, 3]","[1, 2, 3]",85.80%,0.484,15.52%,100.00%,94.87%
_B3__minus__B1___times___B3___slash___B1_,500,"[1, 2, 3]","[1, 2, 3]",89.00%,0.471,20.69%,76.92%,98.60%
_B3__minus__B1___slash___B3__plus__B1_,500,"[1, 2, 3]","[1, 2, 3]",88.60%,0.485,20.69%,69.23%,98.37%
_B3__minus__B1___slash___B3___times___B1_,500,"[1, 2, 3]","[1, 2, 3]",88.60%,0.515,18.97%,84.62%,98.14%
_B3__minus__B1___slash___B3___slash___B1_,500,"[1, 2, 3]","[1, 2, 3]",84.80%,0.463,18.97%,76.92%,93.94%
_B3___times___B1_,500,"[1, 2, 3]","[1, 2, 3]",94.60%,0.813,94.83%,100.00%,94.41%
B3__times___B1__plus__B3___plus__B1,500,"[1, 2, 3]","[1, 2, 3]",92.20%,0.735,89.66%,92.31%,92.54%
B3__times___B1__plus__B3___minus__B1,500,"[1, 2, 3]","[1, 2, 3]",92.20%,0.735,89.66%,92.31%,92.54%
B3__times___B1__plus__B3___times__B1,500,"[1, 2, 3]","[1, 2, 3]",94.40%,0.805,93.10%,100.00%,94.41%
B3__times___B1__plus__B3___slash__B1,500,"[1, 2, 3]","[1, 2, 3]",86.00%,0.513,22.41%,100.00%,94.17%
B3__times___B1__minus__B3___plus__B1,500,"[1, 2, 3]","[1, 2, 3]",87.60%,0.517,17.24%,92.31%,96.97%
B3__times___B1__minus__B3___minus__B1,500,"[1, 2, 3]","[1, 2, 3]",87.80%,0.522,17.24%,92.31%,97.20%
B3__times___B1__minus__B3___times__B1,500,"[1, 2, 3]","[1, 2, 3]",85.60%,0.480,13.79%,100.00%,94.87%
B3__times___B1__minus__B3___slash__B1,500,"[1, 2, 3]","[1, 2, 3]",89.00%,0.467,20.69%,76.92%,98.60%
_B3___times___B1___times___B3__plus__B1_,500,"[1, 2, 3]","[1, 2, 3]",94.40%,0.805,93.10%,100.00%,94.41%
_B3___times___B1___times___B3__minus__B1_,500,"[1, 2, 3]","[1, 2, 3]",85.80%,0.484,15.52%,100.00%,94.87%
_B3___times___B1___times___B3___times___B1_,500,"[1, 2, 3]","[1, 2, 3]",94.00%,0.790,91.38%,92.31%,94.41%
_B3___times___B1___times___B3___slash___B1_,500,"[1, 2, 3]","[1, 2, 3]",92.60%,0.745,91.38%,84.62%,93.01%
_B3___times___B1___slash___B3__plus__B1_,500,"[1, 2, 3]","[1, 2, 3]",94.40%,0.807,96.55%,100.00%,93.94%
_B3___times___B1___slash___B3___times___B1_,500,"[1, 2, 3]","[1, 2, 3]",93.80%,0.763,75.86%,84.62%,96.50%
_B3___slash___B1_,500,"[1, 2, 3]","[1, 2, 3]",88.60%,0.485,20.69%,69.23%,98.37%
B3__slash___B1__plus__B3___plus__B1,500,"[1, 2, 3]","[1, 2, 3]",94.20%,0.781,81.03%,84.62%,96.27%
B3__slash___B1__plus__B3___minus__B1,500,"[1, 2, 3]","[1, 2, 3]",93.80%,0.770,79.31%,84.62%,96.04%
B3__slash___B1__plus__B3___times__B1,500,"[1, 2, 3]","[1, 2, 3]",94.40%,0.807,96.55%,100.00%,93.94%
B3__slash___B1__plus__B3___slash__B1,500,"[1, 2, 3]","[1, 2, 3]",91.60%,0.678,56.90%,84.62%,96.50%
_B3___slash___B1___times___B3__plus__B1_,500,"[1, 2, 3]","[1, 2, 3]",86.00%,0.513,22.41%,100.00%,94.17%
_B3___slash___B1___times___B3__minus__B1_,500,"[1, 2, 3]","[1, 2, 3]",89.00%,0.471,20.69%,76.92%,98.60%
_B3___slash___B1___times___B3___times___B1_,500,"[1, 2, 3]","[1, 2, 3]",92.60%,0.745,91.38%,84.62%,93.01%
_B3___slash___B1___times___B3___slash___B1_,500,"[1, 2, 3]","[1, 2, 3]",88.60%,0.485,20.69%,69.23%,98.37%
_B3___slash___B1___slash___B3__plus__B1_,500,"[1, 2, 3]","[1, 2, 3]",91.60%,0.678,56.90%,84.62%,96.50%
_B3___slash___B1___slash___B3___times___B1_,500,"[1, 2, 3]",[3],85.80%,0.000,No samples,No samples,100.00%
_B3___slash___B1___slash___B3___slash___B1_,500,"[1, 2, 3]",[3],85.80%,0.000,No samples,No samples,100.00%
_B1__plus__B4_,500,"[1, 2, 3]","[1, 2, 3]",93.00%,0.731,68.97%,100.00%,96.04%
_B1__plus__B4___plus___B1__plus__B4_,500,"[1, 2, 3]","[1, 2, 3]",93.00%,0.731,68.97%,100.00%,96.04%
_B1__plus__B4___plus___B1__minus__B4_,500,"[1, 2, 3]","[1, 2, 3]",94.20%,0.781,81.03%,84.62%,96.27%
_B1__plus__B4___plus___B1___times___B4_,500,"[1, 2, 3]","[1, 2, 3]",90.60%,0.669,58.62%,100.00%,94.64%
_B1__plus__B4___plus___B1___slash___B4_,500,"[1, 2, 3]","[1, 2, 3]",93.00%,0.731,68.97%,100.00%,96.04%
_B1__plus__B4___minus___B1__minus__B4_,500,"[1, 2, 3]","[1, 2, 3]",90.60%,0.659,65.52%,92.31%,93.94%
_B1__plus__B4___minus___B1___times___B4_,500,"[1, 2, 3]","[1, 2, 3]",92.40%,0.722,72.41%,92.31%,95.10%
_B1__plus__B4___minus___B1___slash___B4_,500,"[1, 2, 3]","[1, 2, 3]",93.20%,0.739,70.69%,100.00%,96.04%
_B1__plus__B4___times___B1__plus__B4_,500,"[1, 2, 3]","[1, 2, 3]",93.20%,0.737,68.97%,100.00%,96.27%
_B1__plus__B4___times___B1__minus__B4_,500,"[1, 2, 3]","[1, 2, 3]",87.60%,0.490,29.31%,92.31%,95.34%
_B1__plus__B4___times___B1___times___B4_,500,"[1, 2, 3]","[1, 2, 3]",90.80%,0.674,62.07%,100.00%,94.41%
_B1__plus__B4___times___B1___slash___B4_,500,"[1, 2, 3]","[1, 2, 3]",94.00%,0.754,68.97%,76.92%,97.90%
_B1__plus__B4___slash___B1___times___B4_,500,"[1, 2, 3]","[1, 2, 3]",89.20%,0.565,43.10%,84.62%,95.57%
_B1__plus__B4___slash___B1___slash___B4_,500,"[1, 2, 3]","[1, 2, 3]",92.20%,0.735,84.48%,92.31%,93.24%
_B1__minus__B4_,500,"[1, 2, 3]","[1, 2, 3]",86.40%,0.433,31.03%,76.92%,94.17%
_B1__minus__B4___plus___B1__plus__B4_,500,"[1, 2, 3]","[1, 2, 3]",94.20%,0.781,81.03%,84.62%,96.27%
_B1__minus__B4___plus___B1__minus__B4_,500,"[1, 2, 3]","[1, 2, 3]",86.40%,0.433,31.03%,76.92%,94.17%
_B1__minus__B4___plus___B1___times___B4_,500,"[1, 2, 3]","[1, 2, 3]",90.60%,0.669,58.62%,100.00%,94.64%
_B1__minus__B4___plus___B1___slash___B4_,500,"[1, 2, 3]","[1, 2, 3]",86.40%,0.433,31.03%,76.92%,94.17%
_B1__minus__B4___minus___B1__plus__B4_,500,"[1, 2, 3]","[1, 2, 3]",91.20%,0.683,72.41%,84.62%,93.94%
_B1__minus__B4___minus___B1___times___B4_,500,"[1, 2, 3]","[1, 2, 3]",92.40%,0.722,72.41%,92.31%,95.10%
_B1__minus__B4___minus___B1___slash___B4_,500,"[1, 2, 3]","[1, 2, 3]",86.40%,0.433,31.03%,76.92%,94.17%
_B1__minus__B4___times___B1__plus__B4_,500,"[1, 2, 3]","[1, 2, 3]",87.60%,0.490,29.31%,92.31%,95.34%
_B1__minus__B4___times___B1__minus__B4_,500,"[1, 2, 3]","[1, 2, 3]",86.60%,0.441,32.76%,76.92%,94.17%
_B1__minus__B4___times___B1___times___B4_,500,"[1, 2, 3]","[1, 2, 3]",87.40%,0.491,29.31%,84.62%,95.34%
_B1__minus__B4___times___B1___slash___B4_,500,"[1, 2, 3]","[1, 2, 3]",85.20%,0.451,17.24%,76.92%,94.64%
_B1__minus__B4___slash___B1__plus__B4_,500,"[1, 2, 3]","[1, 2, 3]",91.00%,0.523,29.31%,76.92%,99.77%
_B1__minus__B4___slash___B1___times___B4_,500,"[1, 2, 3]","[1, 2, 3]",85.80%,0.400,29.31%,69.23%,93.94%
_B1__minus__B4___slash___B1___slash___B4_,500,"[1, 2, 3]","[1, 2, 3]",91.40%,0.647,41.38%,84.62%,98.37%
_B1___times___B4_,500,"[1, 2, 3]","[1, 2, 3]",90.60%,0.669,58.62%,100.00%,94.64%
B1__times___B4__plus__B1___plus__B4,500,"[1, 2, 3]","[1, 2, 3]",91.40%,0.703,67.24%,100.00%,94.41%
B1__times___B4__plus__B1___minus__B4,500,"[1, 2, 3]","[1, 2, 3]",91.20%,0.697,65.52%,100.00%,94.41%
B1__times___B4__plus__B1___times__B4,500,"[1, 2, 3]","[1, 2, 3]",90.80%,0.674,62.07%,100.00%,94.41%
B1__times___B4__plus__B1___slash__B4,500,"[1, 2, 3]","[1, 2, 3]",94.00%,0.754,68.97%,76.92%,97.90%
B1__times___B4__minus__B1___plus__B4,500,"[1, 2, 3]","[1, 2, 3]",86.80%,0.479,22.41%,92.31%,95.34%
B1__times___B4__minus__B1___minus__B4,500,"[1, 2, 3]","[1, 2, 3]",86.80%,0.479,22.41%,92.31%,95.34%
B1__times___B4__minus__B1___times__B4,500,"[1, 2, 3]","[1, 2, 3]",87.20%,0.473,27.59%,76.92%,95.57%
B1__times___B4__minus__B1___slash__B4,500,"[1, 2, 3]","[1, 2, 3]",85.40%,0.455,18.97%,84.62%,94.41%
_B1___times___B4___times___B1__plus__B4_,500,"[1, 2, 3]","[1, 2, 3]",90.80%,0.674,62.07%,100.00%,94.41%
_B1___times___B4___times___B1__minus__B4_,500,"[1, 2, 3]","[1, 2, 3]",87.40%,0.491,29.31%,84.62%,95.34%
_B1___times___B4___times___B1___times___B4_,500,"[1, 2, 3]","[1, 2, 3]",90.60%,0.663,58.62%,92.31%,94.87%
_B1___times___B4___times___B1___slash___B4_,500,"[1, 2, 3]","[1, 2, 3]",94.00%,0.769,75.86%,84.62%,96.74%
_B1___times___B4___slash___B1__plus__B4_,500,"[1, 2, 3]","[1, 2, 3]",91.80%,0.718,77.59%,92.31%,93.71%
_B1___times___B4___slash___B1___times___B4_,500,"[1, 2, 3]","[1, 2, 3]",91.20%,0.680,70.69%,92.31%,93.94%
_B1___slash___B4_,500,"[1, 2, 3]","[1, 2, 3]",90.80%,0.509,27.59%,76.92%,99.77%
B1__slash___B4__plus__B1___plus__B4,500,"[1, 2, 3]","[1, 2, 3]",90.40%,0.652,63.79%,92.31%,93.94%
B1__slash___B4__plus__B1___minus__B4,500,"[1, 2, 3]","[1, 2, 3]",91.40%,0.691,72.41%,92.31%,93.94%
B1__slash___B4__plus__B1___times__B4,500,"[1, 2, 3]","[1, 2, 3]",91.80%,0.718,77.59%,92.31%,93.71%
B1__slash___B4__plus__B1___slash__B4,500,"[1, 2, 3]","[1, 2, 3]",89.00%,0.558,41.38%,84.62%,95.57%
_B1___slash___B4___times___B1__plus__B4_,500,"[1, 2, 3]","[1, 2, 3]",94.00%,0.754,68.97%,76.92%,97.90%
_B1___slash___B4___times___B1__minus__B4_,500,"[1, 2, 3]","[1, 2, 3]",85.20%,0.451,17.24%,76.92%,94.64%
_B1___slash___B4___times___B1___times___B4_,500,"[1, 2, 3]","[1, 2, 3]",93.80%,0.763,75.86%,84.62%,96.50%
_B1___slash___B4___times___B1___slash___B4_,500,"[1, 2, 3]","[1, 2, 3]",90.80%,0.509,27.59%,76.92%,99.77%
_B1___slash___B4___slash___B1__plus__B4_,500,"[1, 2, 3]","[1, 2, 3]",89.00%,0.558,41.38%,84.62%,95.57%
_B1___slash___B4___slash___B1___times___B4_,500,"[1, 2, 3]",[3],85.80%,0.000,No samples,No samples,100.00%
_B1___slash___B4___slash___B1___slash___B4_,500,"[1, 2, 3]",[3],85.80%,0.000,No samples,No samples,100.00%
_B4__plus__B1_,500,"[1, 2, 3]","[1, 2, 3]",93.00%,0.731,68.97%,100.00%,96.04%
_B4__plus__B1___plus___B4__plus__B1_,500,"[1, 2, 3]","[1, 2, 3]",93.00%,0.731,68.97%,100.00%,96.04%
_B4__plus__B1___plus___B4__minus__B1_,500,"[1, 2, 3]","[1, 2, 3]",90.60%,0.659,65.52%,92.31%,93.94%
_B4__plus__B1___plus___B4___times___B1_,500,"[1, 2, 3]","[1, 2, 3]",90.60%,0.669,58.62%,100.00%,94.64%
_B4__plus__B1___plus___B4___slash___B1_,500,"[1, 2, 3]","[1, 2, 3]",93.40%,0.745,70.69%,100.00%,96.27%
_B4__plus__B1___minus___B4__minus__B1_,500,"[1, 2, 3]","[1, 2, 3]",94.20%,0.781,81.03%,84.62%,96.27%
_B4__plus__B1___minus___B4___times___B1_,500,"[1, 2, 3]","[1, 2, 3]",92.40%,0.722,72.41%,92.31%,95.10%
_B4__plus__B1___minus___B4___slash___B1_,500,"[1, 2, 3]","[1, 2, 3]",93.40%,0.749,72.41%,100.00%,96.04%
_B4__plus__B1___times___B4__plus__B1_,500,"[1, 2, 3]","[1, 2, 3]",93.20%,0.737,68.97%,100.00%,96.27%
_B4__plus__B1___times___B4__minus__B1_,500,"[1, 2, 3]","[1, 2, 3]",87.60%,0.489,31.03%,84.62%,95.34%
_B4__plus__B1___times___B4___times___B1_,500,"[1, 2, 3]","[1, 2, 3]",90.80%,0.674,62.07%,100.00%,94.41%
_B4__plus__B1___times___B4___slash___B1_,500,"[1, 2, 3]","[1, 2, 3]",89.20%,0.565,43.10%,84.62%,95.57%
_B4__plus__B1___slash___B4___times___B1_,500,"[1, 2, 3]","[1, 2, 3]",94.00%,0.754,68.97%,76.92%,97.90%
_B4__plus__B1___slash___B4___slash___B1_,500,"[1, 2, 3]","[1, 2, 3]",92.20%,0.735,84.48%,92.31%,93.24%
_B4__minus__B1_,500,"[1, 2, 3]","[1, 2, 3]",86.20%,0.421,29.31%,76.92%,94.17%
_B4__minus__B1___plus___B4__plus__B1_,500,"[1, 2, 3]","[1, 2, 3]",90.60%,0.659,65.52%,92.31%,93.94%
_B4__minus__B1___plus___B4__minus__B1_,500,"[1, 2, 3]","[1, 2, 3]",86.20%,0.421,29.31%,76.92%,94.17%
_B4__minus__B1___plus___B4___times___B1_,500,"[1, 2, 3]","[1, 2, 3]",90.60%,0.669,58.62%,100.00%,94.64%
_B4__minus__B1___plus___B4___slash___B1_,500,"[1, 2, 3]","[1, 2, 3]",86.20%,0.421,29.31%,76.92%,94.17%
_B4__minus__B1___minus___B4__plus__B1_,500,"[1, 2, 3]","[1, 2, 3]",93.40%,0.758,79.31%,84.62%,95.57%
_B4__minus__B1___minus___B4___times___B1_,500,"[1, 2, 3]","[1, 2, 3]",92.40%,0.722,72.41%,92.31%,95.10%
_B4__minus__B1___minus___B4___slash___B1_,500,"[1, 2, 3]","[1, 2, 3]",86.20%,0.421,29.31%,76.92%,94.17%
_B4__minus__B1___times___B4__plus__B1_,500,"[1, 2, 3]","[1, 2, 3]",87.60%,0.489,31.03%,84.62%,95.34%
_B4__minus__B1___times___B4__minus__B1_,500,"[1, 2, 3]","[1, 2, 3]",86.60%,0.441,32.76%,76.92%,94.17%
_B4__minus__B1___times___B4___times___B1_,500,"[1, 2, 3]","[1, 2, 3]",87.20%,0.473,27.59%,76.92%,95.57%
_B4__minus__B1___times___B4___slash___B1_,500,"[1, 2, 3]","[1, 2, 3]",87.00%,0.442,34.48%,69.23%,94.64%
_B4__minus__B1___slash___B4__plus__B1_,500,"[1, 2, 3]","[1, 2, 3]",91.00%,0.515,27.59%,84.62%,99.77%
_B4__minus__B1___slash___B4___times___B1_,500,"[1, 2, 3]","[1, 2, 3]",85.40%,0.455,18.97%,84.62%,94.41%
_B4__minus__B1___slash___B4___slash___B1_,500,"[1, 2, 3]","[1, 2, 3]",91.80%,0.659,41.38%,84.62%,98.83%
_B4___times___B1_,500,"[1, 2, 3]","[1, 2, 3]",90.60%,0.669,58.62%,100.00%,94.64%
B4__times___B1__plus__B4___plus__B1,500,"[1, 2, 3]","[1, 2, 3]",92.80%,0.728,77.59%,76.92%,95.34%
B4__times___B1__plus__B4___minus__B1,500,"[1, 2, 3]","[1, 2, 3]",92.80%,0.728,77.59%,76.92%,95.34%
B4__times___B1__plus__B4___times__B1,500,"[1, 2, 3]","[1, 2, 3]",90.80%,0.674,62.07%,100.00%,94.41%
B4__times___B1__plus__B4___slash__B1,500,"[1, 2, 3]","[1, 2, 3]",89.20%,0.565,43.10%,84.62%,95.57%
B4__times___B1__minus__B4___plus__B1,500,"[1, 2, 3]","[1, 2, 3]",88.40%,0.516,32.76%,100.00%,95.57%
B4__times___B1__minus__B4___minus__B1,500,"[1, 2, 3]","[1, 2, 3]",88.20%,0.504,32.76%,92.31%,95.57%
B4__times___B1__minus__B4___times__B1,500,"[1, 2, 3]","[1, 2, 3]",87.40%,0.491,29.31%,84.62%,95.34%
B4__times___B1__minus__B4___slash__B1,500,"[1, 2, 3]","[1, 2, 3]",85.80%,0.400,29.31%,69.23%,93.94%
_B4___times___B1___times___B4__plus__B1_,500,"[1, 2, 3]","[1, 2, 3]",90.80%,0.674,62.07%,100.00%,94.41%
_B4___times___B1___times___B4__minus__B1_,500,"[1, 2, 3]","[1, 2, 3]",87.20%,0.473,27.59%,76.92%,95.57%
_B4___times___B1___times___B4___times___B1_,500,"[1, 2, 3]","[1, 2, 3]",90.60%,0.663,58.62%,92.31%,94.87%
_B4___times___B1___times___B4___slash___B1_,500,"[1, 2, 3]","[1, 2, 3]",91.20%,0.680,70.69%,92.31%,93.94%
_B4___times___B1___slash___B4__plus__B1_,500,"[1, 2, 3]","[1, 2, 3]",91.80%,0.718,77.59%,92.31%,93.71%
_B4___times___B1___slash___B4___times___B1_,500,"[1, 2, 3]","[1, 2, 3]",93.80%,0.763,75.86%,84.62%,96.50%
_B4___slash___B1_,500,"[1, 2, 3]","[1, 2, 3]",91.60%,0.558,32.76%,84.62%,99.77%
B4__slash___B1__plus__B4___plus__B1,500,"[1, 2, 3]","[1, 2, 3]",94.40%,0.787,81.03%,84.62%,96.50%
B4__slash___B1__plus__B4___minus__B1,500,"[1, 2, 3]","[1, 2, 3]",94.40%,0.788,79.31%,84.62%,96.74%
B4__slash___B1__plus__B4___times__B1,500,"[1, 2, 3]","[1, 2, 3]",91.80%,0.718,77.59%,92.31%,93.71%
B4__slash___B1__plus__B4___slash__B1,500,"[1, 2, 3]","[1, 2, 3]",94.80%,0.786,74.14%,76.92%,98.14%
_B4___slash___B1___times___B4__plus__B1_,500,"[1, 2, 3]","[1, 2, 3]",89.20%,0.565,43.10%,84.62%,95.57%
_B4___slash___B1___times___B4__minus__B1_,500,"[1, 2, 3]","[1, 2, 3]",87.00%,0.442,34.48%,69.23%,94.64%
_B4___slash___B1___times___B4___times___B1_,500,"[1, 2, 3]","[1, 2, 3]",91.20%,0.680,70.69%,92.31%,93.94%
_B4___slash___B1___times___B4___slash___B1_,500,"[1, 2, 3]","[1, 2, 3]",91.60%,0.558,32.76%,84.62%,99.77%
_B4___slash___B1___slash___B4__plus__B1_,500,"[1, 2, 3]","[1, 2, 3]",94.80%,0.786,74.14%,76.92%,98.14%
_B4___slash___B1___slash___B4___times___B1_,500,"[1, 2, 3]",[3],85.80%,0.000,No samples,No samples,100.00%
_B4___slash___B1___slash___B4___slash___B1_,500,"[1, 2, 3]",[3],85.80%,0.000,No samples,No samples,100.00%
_B2__plus__B3_,500,"[1, 2, 3]","[1, 2, 3]",92.60%,0.752,91.38%,100.00%,92.54%
_B2__plus__B3___plus___B2__plus__B3_,500,"[1, 2, 3]","[1, 2, 3]",92.60%,0.752,91.38%,100.00%,92.54%
_B2__plus__B3___plus___B2__minus__B3_,500,"[1, 2, 3]","[1, 2, 3]",94.00%,0.792,91.38%,100.00%,94.17%
_B2__plus__B3___plus___B2___times___B3_,500,"[1, 2, 3]","[1, 2, 3]",92.20%,0.735,89.66%,92.31%,92.54%
_B2__plus__B3___plus___B2___slash___B3_,500,"[1, 2, 3]","[1, 2, 3]",92.40%,0.746,91.38%,100.00%,92.31%
_B2__plus__B3___minus___B2__minus__B3_,500,"[1, 2, 3]","[1, 2, 3]",92.40%,0.739,91.38%,84.62%,92.77%
_B2__plus__B3___minus___B2___times___B3_,500,"[1, 2, 3]","[1, 2, 3]",92.60%,0.752,93.10%,100.00%,92.31%
_B2__plus__B3___minus___B2___slash___B3_,500,"[1, 2, 3]","[1, 2, 3]",92.40%,0.744,89.66%,100.00%,92.54%
_B2__plus__B3___times___B2__plus__B3_,500,"[1, 2, 3]","[1, 2, 3]",92.60%,0.752,91.38%,100.00%,92.54%
_B2__plus__B3___times___B2__minus__B3_,500,"[1, 2, 3]","[1, 2, 3]",88.00%,0.500,15.52%,84.62%,97.90%
_B2__plus__B3___times___B2___times___B3_,500,"[1, 2, 3]","[1, 2, 3]",92.00%,0.729,87.93%,92.31%,92.54%
_B2__plus__B3___times___B2___slash___B3_,500,"[1, 2, 3]","[1, 2, 3]",93.00%,0.727,70.69%,84.62%,96.27%
_B2__plus__B3___slash___B2___times___B3_,500,"[1, 2, 3]","[1, 2, 3]",88.40%,0.596,46.55%,84.62%,94.17%
_B2__plus__B3___slash___B2___slash___B3_,500,"[1, 2, 3]","[1, 2, 3]",93.20%,0.764,93.10%,92.31%,93.24%
_B2__minus__B3_,500,"[1, 2, 3]","[1, 2, 3]",88.60%,0.479,13.79%,76.92%,99.07%
_B2__minus__B3___plus___B2__plus__B3_,500,"[1, 2, 3]","[1, 2, 3]",94.00%,0.792,91.38%,100.00%,94.17%
_B2__minus__B3___plus___B2__minus__B3_,500,"[1, 2, 3]","[1, 2, 3]",88.60%,0.479,13.79%,76.92%,99.07%
_B2__minus__B3___plus___B2___times___B3_,500,"[1, 2, 3]","[1, 2, 3]",92.20%,0.735,89.66%,92.31%,92.54%
_B2__minus__B3___plus___B2___slash___B3_,500,"[1, 2, 3]","[1, 2, 3]",89.00%,0.485,13.79%,76.92%,99.53%
_B2__minus__B3___minus___B2__plus__B3_,500,"[1, 2, 3]","[1, 2, 3]",92.80%,0.756,93.10%,92.31%,92.77%
_B2__minus__B3___minus___B2___times___B3_,500,"[1, 2, 3]","[1, 2, 3]",92.60%,0.752,93.10%,100.00%,92.31%
_B2__minus__B3___minus___B2___slash___B3_,500,"[1, 2, 3]","[1, 2, 3]",88.40%,0.474,13.79%,76.92%,98.83%
_B2__minus__B3___times___B2__plus__B3_,500,"[1, 2, 3]","[1, 2, 3]",88.00%,0.500,15.52%,84.62%,97.90%
_B2__minus__B3___times___B2__minus__B3_,500,"[1, 2, 3]","[1, 2, 3]",88.60%,0.454,15.52%,76.92%,98.83%
_B2__minus__B3___times___B2___times___B3_,500,"[1, 2, 3]","[1, 2, 3]",88.00%,0.504,13.79%,92.31%,97.90%
_B2__minus__B3___times___B2___slash___B3_,500,"[1, 2, 3]","[1, 2, 3]",88.80%,0.495,15.52%,76.92%,99.07%
_B2__minus__B3___slash___B2__plus__B3_,500,"[1, 2, 3]","[1, 2, 3]",88.00%,0.456,13.79%,61.54%,98.83%
_B2__minus__B3___slash___B2___times___B3_,500,"[1, 2, 3]","[1, 2, 3]",88.80%,0.480,13.79%,76.92%,99.30%
_B2__minus__B3___slash___B2___slash___B3_,500,"[1, 2, 3]","[1, 2, 3]",88.00%,0.480,12.07%,69.23%,98.83%
_B2___times___B3_,500,"[1, 2, 3]","[1, 2, 3]",92.20%,0.735,89.66%,92.31%,92.54%
B2__times___B3__plus__B2___plus__B3,500,"[1, 2, 3]","[1, 2, 3]",93.20%,0.770,93.10%,100.00%,93.01%
B2__times___B3__plus__B2___minus__B3,500,"[1, 2, 3]","[1, 2, 3]",93.20%,0.770,93.10%,100.00%,93.01%
B2__times___B3__plus__B2___times__B3,500,"[1, 2, 3]","[1, 2, 3]",92.00%,0.729,87.93%,92.31%,92.54%
B2__times___B3__plus__B2___slash__B3,500,"[1, 2, 3]","[1, 2, 3]",93.00%,0.727,70.69%,84.62%,96.27%
B2__times___B3__minus__B2___plus__B3,500,"[1, 2, 3]","[1, 2, 3]",87.40%,0.487,13.79%,84.62%,97.44%
B2__times___B3__minus__B2___minus__B3,500,"[1, 2, 3]","[1, 2, 3]",87.40%,0.487,13.79%,84.62%,97.44%
B2__times___B3__minus__B2___times__B3,500,"[1, 2, 3]","[1, 2, 3]",87.80%,0.499,13.79%,92.31%,97.67%
B2__times___B3__minus__B2___slash__B3,500,"[1, 2, 3]","[1, 2, 3]",88.80%,0.510,17.24%,84.62%,98.60%
_B2___times___B3___times___B2__plus__B3_,500,"[1, 2, 3]","[1, 2, 3]",92.00%,0.729,87.93%,92.31%,92.54%
_B2___times___B3___times___B2__minus__B3_,500,"[1, 2, 3]","[1, 2, 3]",88.00%,0.504,13.79%,92.31%,97.90%
_B2___times___B3___times___B2___times___B3_,500,"[1, 2, 3]","[1, 2, 3]",92.20%,0.735,89.66%,92.31%,92.54%
_B2___times___B3___times___B2___slash___B3_,500,"[1, 2, 3]","[1, 2, 3]",94.00%,0.792,91.38%,100.00%,94.17%
_B2___times___B3___slash___B2__plus__B3_,500,"[1, 2, 3]","[1, 2, 3]",93.00%,0.766,94.83%,100.00%,92.54%
_B2___times___B3___slash___B2___times___B3_,500,"[1, 2, 3]","[1, 2, 3]",92.40%,0.739,91.38%,84.62%,92.77%
_B2___slash___B3_,500,"[1, 2, 3]","[1, 2, 3]",88.00%,0.456,13.79%,61.54%,98.83%
B2__slash___B3__plus__B2___plus__B3,500,"[1, 2, 3]","[1, 2, 3]",92.60%,0.746,89.66%,92.31%,93.01%
B2__slash___B3__plus__B2___minus__B3,500,"[1, 2, 3]","[1, 2, 3]",92.80%,0.756,93.10%,92.31%,92.77%
B2__slash___B3__plus__B2___times__B3,500,"[1, 2, 3]","[1, 2, 3]",93.00%,0.766,94.83%,100.00%,92.54%
B2__slash___B3__plus__B2___slash__B3,500,"[1, 2, 3]","[1, 2, 3]",93.40%,0.763,82.76%,92.31%,94.87%
_B2___slash___B3___times___B2__plus__B3_,500,"[1, 2, 3]","[1, 2, 3]",93.00%,0.727,70.69%,84.62%,96.27%
_B2___slash___B3___times___B2__minus__B3_,500,"[1, 2, 3]","[1, 2, 3]",88.80%,0.495,15.52%,76.92%,99.07%
_B2___slash___B3___times___B2___times___B3_,500,"[1, 2, 3]","[1, 2, 3]",93.80%,0.785,89.66%,100.00%,94.17%
_B2___slash___B3___times___B2___slash___B3_,500,"[1, 2, 3]","[1, 2, 3]",88.00%,0.456,13.79%,61.54%,98.83%
_B2___slash___B3___slash___B2__plus__B3_,500,"[1, 2, 3]","[1, 2, 3]",93.40%,0.763,82.76%,92.31%,94.87%
_B2___slash___B3___slash___B2___times___B3_,499,"[1, 2, 3]",[3],85.77%,0.000,No samples,No samples,100.00%
_B2___slash___B3___slash___B2___slash___B3_,500,"[1, 2, 3]",[3],85.80%,0.000,No samples,No samples,100.00%
_B3__plus__B2_,500,"[1, 2, 3]","[1, 2, 3]",92.60%,0.752,91.38%,100.00%,92.54%
_B3__plus__B2___plus___B3__plus__B2_,500,"[1, 2, 3]","[1, 2, 3]",92.60%,0.752,91.38%,100.00%,92.54%
_B3__plus__B2___plus___B3__minus__B2_,500,"[1, 2, 3]","[1, 2, 3]",92.40%,0.739,91.38%,84.62%,92.77%
_B3__plus__B2___plus___B3___times___B2_,500,"[1, 2, 3]","[1, 2, 3]",92.20%,0.735,89.66%,92.31%,92.54%
_B3__plus__B2___plus___B3___slash___B2_,500,"[1, 2, 3]","[1, 2, 3]",92.40%,0.744,89.66%,100.00%,92.54%
_B3__plus__B2___minus___B3__minus__B2_,500,"[1, 2, 3]","[1, 2, 3]",94.00%,0.792,91.38%,100.00%,94.17%
_B3__plus__B2___minus___B3___times___B2_,500,"[1, 2, 3]","[1, 2, 3]",92.60%,0.752,93.10%,100.00%,92.31%
_B3__plus__B2___minus___B3___slash___B2_,500,"[1, 2, 3]","[1, 2, 3]",92.40%,0.746,91.38%,100.00%,92.31%
_B3__plus__B2___times___B3__plus__B2_,500,"[1, 2, 3]","[1, 2, 3]",92.60%,0.752,91.38%,100.00%,92.54%
_B3__plus__B2___times___B3__minus__B2_,500,"[1, 2, 3]","[1, 2, 3]",87.60%,0.484,13.79%,84.62%,97.67%
_B3__plus__B2___times___B3___times___B2_,500,"[1, 2, 3]","[1, 2, 3]",92.00%,0.729,87.93%,92.31%,92.54%
_B3__plus__B2___times___B3___slash___B2_,500,"[1, 2, 3]","[1, 2, 3]",88.40%,0.596,46.55%,84.62%,94.17%
_B3__plus__B2___slash___B3___times___B2_,500,"[1, 2, 3]","[1, 2, 3]",93.00%,0.727,70.69%,84.62%,96.27%
_B3__plus__B2___slash___B3___slash___B2_,500,"[1, 2, 3]","[1, 2, 3]",93.20%,0.764,93.10%,92.31%,93.24%
_B3__minus__B2_,500,"[1, 2, 3]","[1, 2, 3]",88.80%,0.487,17.24%,76.92%,98.83%
_B3__minus__B2___plus___B3__plus__B2_,500,"[1, 2, 3]","[1, 2, 3]",92.40%,0.739,91.38%,84.62%,92.77%
_B3__minus__B2___plus___B3__minus__B2_,500,"[1, 2, 3]","[1, 2, 3]",88.80%,0.487,17.24%,76.92%,98.83%
_B3__minus__B2___plus___B3___times___B2_,500,"[1, 2, 3]","[1, 2, 3]",92.20%,0.735,89.66%,92.31%,92.54%
_B3__minus__B2___plus___B3___slash___B2_,500,"[1, 2, 3]","[1, 2, 3]",88.80%,0.499,17.24%,76.92%,98.83%
_B3__minus__B2___minus___B3__plus__B2_,500,"[1, 2, 3]","[1, 2, 3]",93.40%,0.776,93.10%,100.00%,93.24%
_B3__minus__B2___minus___B3___times___B2_,500,"[1, 2, 3]","[1, 2, 3]",92.60%,0.752,93.10%,100.00%,92.31%
_B3__minus__B2___minus___B3___slash___B2_,500,"[1, 2, 3]","[1, 2, 3]",89.00%,0.500,17.24%,76.92%,99.07%
_B3__minus__B2___times___B3__plus__B2_,500,"[1, 2, 3]","[1, 2, 3]",87.60%,0.484,13.79%,84.62%,97.67%
_B3__minus__B2___times___B3__minus__B2_,500,"[1, 2, 3]","[1, 2, 3]",88.60%,0.454,15.52%,76.92%,98.83%
_B3__minus__B2___times___B3___times___B2_,500,"[1, 2, 3]","[1, 2, 3]",87.80%,0.499,13.79%,92.31%,97.67%
_B3__minus__B2___times___B3___slash___B2_,500,"[1, 2, 3]","[1, 2, 3]",89.00%,0.500,17.24%,76.92%,99.07%
_B3__minus__B2___slash___B3__plus__B2_,500,"[1, 2, 3]","[1, 2, 3]",88.20%,0.476,15.52%,69.23%,98.60%
_B3__minus__B2___slash___B3___times___B2_,500,"[1, 2, 3]","[1, 2, 3]",88.80%,0.510,17.24%,84.62%,98.60%
_B3__minus__B2___slash___B3___slash___B2_,500,"[1, 2, 3]","[1, 2, 3]",87.60%,0.481,12.07%,69.23%,98.37%
_B3___times___B2_,500,"[1, 2, 3]","[1, 2, 3]",92.20%,0.735,89.66%,92.31%,92.54%
B3__times___B2__plus__B3___plus__B2,500,"[1, 2, 3]","[1, 2, 3]",91.80%,0.723,84.48%,92.31%,92.77%
B3__times___B2__plus__B3___minus__B2,500,"[1, 2, 3]","[1, 2, 3]",91.80%,0.723,84.48%,92.31%,92.77%
B3__times___B2__plus__B3___times__B2,500,"[1, 2, 3]","[1, 2, 3]",92.00%,0.729,87.93%,92.31%,92.54%
B3__times___B2__plus__B3___slash__B2,500,"[1, 2, 3]","[1, 2, 3]",88.40%,0.596,46.55%,84.62%,94.17%
B3__times___B2__minus__B3___plus__B2,500,"[1, 2, 3]","[1, 2, 3]",87.80%,0.485,13.79%,84.62%,97.90%
B3__times___B2__minus__B3___minus__B2,500,"[1, 2, 3]","[1, 2, 3]",88.00%,0.494,13.79%,84.62%,98.14%
B3__times___B2__minus__B3___times__B2,500,"[1, 2, 3]","[1, 2, 3]",88.00%,0.504,13.79%,92.31%,97.90%
B3__times___B2__minus__B3___slash__B2,500,"[1, 2, 3]","[1, 2, 3]",88.80%,0.480,13.79%,76.92%,99.30%
_B3___times___B2___times___B3__plus__B2_,500,"[1, 2, 3]","[1, 2, 3]",92.00%,0.729,87.93%,92.31%,92.54%
_B3___times___B2___times___B3__minus__B2_,500,"[1, 2, 3]","[1, 2, 3]",87.80%,0.499,13.79%,92.31%,97.67%
_B3___times___B2___times___B3___times___B2_,500,"[1, 2, 3]","[1, 2, 3]",92.20%,0.735,89.66%,92.31%,92.54%
_B3___times___B2___times___B3___slash___B2_,500,"[1, 2, 3]","[1, 2, 3]",92.40%,0.739,91.38%,84.62%,92.77%
_B3___times___B2___slash___B3__plus__B2_,500,"[1, 2, 3]","[1, 2, 3]",93.00%,0.766,94.83%,100.00%,92.54%
_B3___times___B2___slash___B3___times___B2_,500,"[1, 2, 3]","[1, 2, 3]",94.00%,0.792,91.38%,100.00%,94.17%
_B3___slash___B2_,500,"[1, 2, 3]","[1, 2, 3]",88.20%,0.476,15.52%,69.23%,98.60%
B3__slash___B2__plus__B3___plus__B2,500,"[1, 2, 3]","[1, 2, 3]",93.80%,0.785,89.66%,100.00%,94.17%
B3__slash___B2__plus__B3___minus__B2,500,"[1, 2, 3]","[1, 2, 3]",93.40%,0.776,93.10%,100.00%,93.24%
B3__slash___B2__plus__B3___times__B2,500,"[1, 2, 3]","[1, 2, 3]",93.00%,0.766,94.83%,100.00%,92.54%
B3__slash___B2__plus__B3___slash__B2,500,"[1, 2, 3]","[1, 2, 3]",93.80%,0.763,79.31%,84.62%,96.04%
_B3___slash___B2___times___B3__plus__B2_,500,"[1, 2, 3]","[1, 2, 3]",88.40%,0.596,46.55%,84.62%,94.17%
_B3___slash___B2___times___B3__minus__B2_,500,"[1, 2, 3]","[1, 2, 3]",89.00%,0.500,17.24%,76.92%,99.07%
_B3___slash___B2___times___B3___times___B2_,500,"[1, 2, 3]","[1, 2, 3]",92.40%,0.739,91.38%,84.62%,92.77%
_B3___slash___B2___times___B3___slash___B2_,500,"[1, 2, 3]","[1, 2, 3]",88.20%,0.480,15.52%,69.23%,98.60%
_B3___slash___B2___slash___B3__plus__B2_,500,"[1, 2, 3]","[1, 2, 3]",93.80%,0.763,79.31%,84.62%,96.04%
_B3___slash___B2___slash___B3___times___B2_,500,"[1, 2, 3]",[3],85.80%,0.000,No samples,No samples,100.00%
_B3___slash___B2___slash___B3___slash___B2_,500,"[1, 2, 3]",[3],85.80%,0.000,No samples,No samples,100.00%
_B2__plus__B4_,500,"[1, 2, 3]","[1, 2, 3]",91.60%,0.684,67.24%,84.62%,95.10%
_B2__plus__B4___plus___B2__plus__B4_,500,"[1, 2, 3]","[1, 2, 3]",91.60%,0.684,67.24%,84.62%,95.10%
_B2__plus__B4___plus___B2__minus__B4_,500,"[1, 2, 3]","[1, 2, 3]",94.00%,0.792,91.38%,100.00%,94.17%
_B2__plus__B4___plus___B2___times___B4_,500,"[1, 2, 3]","[1, 2, 3]",90.60%,0.646,55.17%,84.62%,95.57%
_B2__plus__B4___plus___B2___slash___B4_,500,"[1, 2, 3]","[1, 2, 3]",91.80%,0.691,68.97%,84.62%,95.10%
_B2__plus__B4___minus___B2__minus__B4_,500,"[1, 2, 3]","[1, 2, 3]",90.60%,0.659,65.52%,92.31%,93.94%
_B2__plus__B4___minus___B2___times___B4_,500,"[1, 2, 3]","[1, 2, 3]",92.20%,0.706,68.97%,84.62%,95.57%
_B2__plus__B4___minus___B2___slash___B4_,500,"[1, 2, 3]","[1, 2, 3]",91.60%,0.684,67.24%,84.62%,95.10%
_B2__plus__B4___times___B2__plus__B4_,500,"[1, 2, 3]","[1, 2, 3]",91.60%,0.684,67.24%,84.62%,95.10%
_B2__plus__B4___times___B2__minus__B4_,500,"[1, 2, 3]","[1, 2, 3]",86.00%,0.411,31.03%,69.23%,93.94%
_B2__plus__B4___times___B2___times___B4_,500,"[1, 2, 3]","[1, 2, 3]",90.20%,0.635,56.90%,84.62%,94.87%
_B2__plus__B4___times___B2___slash___B4_,500,"[1, 2, 3]","[1, 2, 3]",96.20%,0.843,81.03%,84.62%,98.60%
_B2__plus__B4___slash___B2___times___B4_,500,"[1, 2, 3]","[1, 2, 3]",89.80%,0.600,51.72%,84.62%,95.10%
_B2__plus__B4___slash___B2___slash___B4_,500,"[1, 2, 3]","[1, 2, 3]",93.60%,0.760,79.31%,84.62%,95.80%
_B2__minus__B4_,500,"[1, 2, 3]","[1, 2, 3]",86.00%,0.427,32.76%,76.92%,93.47%
_B2__minus__B4___plus___B2__plus__B4_,500,"[1, 2, 3]","[1, 2, 3]",94.00%,0.792,91.38%,100.00%,94.17%
_B2__minus__B4___plus___B2__minus__B4_,500,"[1, 2, 3]","[1, 2, 3]",86.00%,0.427,32.76%,76.92%,93.47%
_B2__minus__B4___plus___B2___times___B4_,500,"[1, 2, 3]","[1, 2, 3]",90.20%,0.634,53.45%,84.62%,95.34%
_B2__minus__B4___plus___B2___slash___B4_,500,"[1, 2, 3]","[1, 2, 3]",86.00%,0.427,32.76%,76.92%,93.47%
_B2__minus__B4___minus___B2__plus__B4_,500,"[1, 2, 3]","[1, 2, 3]",91.20%,0.683,72.41%,84.62%,93.94%
_B2__minus__B4___minus___B2___times___B4_,500,"[1, 2, 3]","[1, 2, 3]",92.40%,0.712,68.97%,84.62%,95.80%
_B2__minus__B4___minus___B2___slash___B4_,500,"[1, 2, 3]","[1, 2, 3]",86.00%,0.427,32.76%,76.92%,93.47%
_B2__minus__B4___times___B2__plus__B4_,500,"[1, 2, 3]","[1, 2, 3]",86.00%,0.411,31.03%,69.23%,93.94%
_B2__minus__B4___times___B2__minus__B4_,500,"[1, 2, 3]","[1, 2, 3]",86.20%,0.428,31.03%,76.92%,93.94%
_B2__minus__B4___times___B2___times___B4_,500,"[1, 2, 3]","[1, 2, 3]",87.20%,0.517,34.48%,84.62%,94.41%
_B2__minus__B4___times___B2___slash___B4_,500,"[1, 2, 3]","[1, 2, 3]",83.40%,0.359,20.69%,61.54%,92.54%
_B2__minus__B4___slash___B2__plus__B4_,500,"[1, 2, 3]","[1, 2, 3]",92.20%,0.612,39.66%,76.92%,99.77%
_B2__minus__B4___slash___B2___times___B4_,500,"[1, 2, 3]","[1, 2, 3]",87.20%,0.472,37.93%,76.92%,94.17%
_B2__minus__B4___slash___B2___slash___B4_,500,"[1, 2, 3]","[1, 2, 3]",94.60%,0.774,70.69%,84.62%,98.14%
_B2___times___B4_,500,"[1, 2, 3]","[1, 2, 3]",90.60%,0.646,55.17%,84.62%,95.57%
B2__times___B4__plus__B2___plus__B4,500,"[1, 2, 3]","[1, 2, 3]",92.40%,0.700,60.34%,84.62%,96.97%
B2__times___B4__plus__B2___minus__B4,500,"[1, 2, 3]","[1, 2, 3]",92.20%,0.694,60.34%,84.62%,96.74%
B2__times___B4__plus__B2___times__B4,500,"[1, 2, 3]","[1, 2, 3]",90.20%,0.635,56.90%,84.62%,94.87%
B2__times___B4__plus__B2___slash__B4,500,"[1, 2, 3]","[1, 2, 3]",96.20%,0.843,81.03%,84.62%,98.60%
B2__times___B4__minus__B2___plus__B4,500,"[1, 2, 3]","[1, 2, 3]",86.80%,0.469,25.86%,84.62%,95.10%
B2__times___B4__minus__B2___minus__B4,500,"[1, 2, 3]","[1, 2, 3]",86.80%,0.469,25.86%,84.62%,95.10%
B2__times___B4__minus__B2___times__B4,500,"[1, 2, 3]","[1, 2, 3]",87.80%,0.516,34.48%,92.31%,94.87%
B2__times___B4__minus__B2___slash__B4,500,"[1, 2, 3]","[1, 2, 3]",83.80%,0.384,20.69%,76.92%,92.54%
_B2___times___B4___times___B2__plus__B4_,500,"[1, 2, 3]","[1, 2, 3]",90.20%,0.635,56.90%,84.62%,94.87%
_B2___times___B4___times___B2__minus__B4_,500,"[1, 2, 3]","[1, 2, 3]",87.20%,0.517,34.48%,84.62%,94.41%
_B2___times___B4___times___B2___times___B4_,500,"[1, 2, 3]","[1, 2, 3]",90.60%,0.644,53.45%,84.62%,95.80%
_B2___times___B4___times___B2___slash___B4_,500,"[1, 2, 3]","[1, 2, 3]",94.00%,0.792,91.38%,100.00%,94.17%
_B2___times___B4___slash___B2__plus__B4_,500,"[1, 2, 3]","[1, 2, 3]",93.40%,0.752,77.59%,84.62%,95.80%
_B2___times___B4___slash___B2___times___B4_,500,"[1, 2, 3]","[1, 2, 3]",91.20%,0.680,70.69%,92.31%,93.94%
_B2___slash___B4_,500,"[1, 2, 3]","[1, 2, 3]",91.60%,0.573,34.48%,76.92%,99.77%
B2__slash___B4__plus__B2___plus__B4,500,"[1, 2, 3]","[1, 2, 3]",90.40%,0.652,63.79%,92.31%,93.94%
B2__slash___B4__plus__B2___minus__B4,500,"[1, 2, 3]","[1, 2, 3]",91.40%,0.691,72.41%,92.31%,93.94%
B2__slash___B4__plus__B2___times__B4,500,"[1, 2, 3]","[1, 2, 3]",93.40%,0.752,77.59%,84.62%,95.80%
B2__slash___B4__plus__B2___slash__B4,500,"[1, 2, 3]","[1, 2, 3]",88.00%,0.562,48.28%,84.62%,93.47%
_B2___slash___B4___times___B2__plus__B4_,500,"[1, 2, 3]","[1, 2, 3]",96.20%,0.843,81.03%,84.62%,98.60%
_B2___slash___B4___times___B2__minus__B4_,500,"[1, 2, 3]","[1, 2, 3]",83.40%,0.359,20.69%,61.54%,92.54%
_B2___slash___B4___times___B2___times___B4_,500,"[1, 2, 3]","[1, 2, 3]",94.00%,0.792,91.38%,100.00%,94.17%
_B2___slash___B4___times___B2___slash___B4_,500,"[1, 2, 3]","[1, 2, 3]",91.20%,0.546,31.03%,76.92%,99.77%
_B2___slash___B4___slash___B2__plus__B4_,500,"[1, 2, 3]","[1, 2, 3]",88.00%,0.562,48.28%,84.62%,93.47%
_B2___slash___B4___slash___B2___times___B4_,500,"[1, 2, 3]",[3],85.80%,0.000,No samples,No samples,100.00%
_B2___slash___B4___slash___B2___slash___B4_,500,"[1, 2, 3]",[3],85.80%,0.000,No samples,No samples,100.00%
_B4__plus__B2_,500,"[1, 2, 3]","[1, 2, 3]",91.60%,0.684,67.24%,84.62%,95.10%
_B4__plus__B2___plus___B4__plus__B2_,500,"[1, 2, 3]","[1, 2, 3]",91.60%,0.684,67.24%,84.62%,95.10%
_B4__plus__B2___plus___B4__minus__B2_,500,"[1, 2, 3]","[1, 2, 3]",90.60%,0.659,65.52%,92.31%,93.94%
_B4__plus__B2___plus___B4___times___B2_,500,"[1, 2, 3]","[1, 2, 3]",90.60%,0.646,55.17%,84.62%,95.57%
_B4__plus__B2___plus___B4___slash___B2_,500,"[1, 2, 3]","[1, 2, 3]",91.60%,0.684,67.24%,84.62%,95.10%
_B4__plus__B2___minus___B4__minus__B2_,500,"[1, 2, 3]","[1, 2, 3]",94.00%,0.792,91.38%,100.00%,94.17%
_B4__plus__B2___minus___B4___times___B2_,500,"[1, 2, 3]","[1, 2, 3]",92.20%,0.706,68.97%,84.62%,95.57%
_B4__plus__B2___minus___B4___slash___B2_,500,"[1, 2, 3]","[1, 2, 3]",91.80%,0.691,68.97%,84.62%,95.10%
_B4__plus__B2___times___B4__plus__B2_,500,"[1, 2, 3]","[1, 2, 3]",91.60%,0.684,67.24%,84.62%,95.10%
_B4__plus__B2___times___B4__minus__B2_,500,"[1, 2, 3]","[1, 2, 3]",86.60%,0.440,32.76%,76.92%,94.17%
_B4__plus__B2___times___B4___times___B2_,500,"[1, 2, 3]","[1, 2, 3]",90.20%,0.635,56.90%,84.62%,94.87%
_B4__plus__B2___times___B4___slash___B2_,500,"[1, 2, 3]","[1, 2, 3]",89.80%,0.600,51.72%,84.62%,95.10%
_B4__plus__B2___slash___B4___times___B2_,500,"[1, 2, 3]","[1, 2, 3]",96.20%,0.843,81.03%,84.62%,98.60%
_B4__plus__B2___slash___B4___slash___B2_,500,"[1, 2, 3]","[1, 2, 3]",93.60%,0.760,79.31%,84.62%,95.80%
_B4__minus__B2_,500,"[1, 2, 3]","[1, 2, 3]",86.00%,0.409,27.59%,76.92%,94.17%
_B4__minus__B2___plus___B4__plus__B2_,500,"[1, 2, 3]","[1, 2, 3]",90.60%,0.659,65.52%,92.31%,93.94%
_B4__minus__B2___plus___B4__minus__B2_,500,"[1, 2, 3]","[1, 2, 3]",86.00%,0.409,27.59%,76.92%,94.17%
_B4__minus__B2___plus___B4___times___B2_,500,"[1, 2, 3]","[1, 2, 3]",90.60%,0.646,55.17%,84.62%,95.57%
_B4__minus__B2___plus___B4___slash___B2_,500,"[1, 2, 3]","[1, 2, 3]",86.00%,0.409,27.59%,76.92%,94.17%
_B4__minus__B2___minus___B4__plus__B2_,500,"[1, 2, 3]","[1, 2, 3]",93.40%,0.776,93.10%,100.00%,93.24%
_B4__minus__B2___minus___B4___times___B2_,500,"[1, 2, 3]","[1, 2, 3]",92.20%,0.706,68.97%,84.62%,95.57%
_B4__minus__B2___minus___B4___slash___B2_,500,"[1, 2, 3]","[1, 2, 3]",86.00%,0.409,27.59%,76.92%,94.17%
_B4__minus__B2___times___B4__plus__B2_,500,"[1, 2, 3]","[1, 2, 3]",86.60%,0.440,32.76%,76.92%,94.17%
_B4__minus__B2___times___B4__minus__B2_,500,"[1, 2, 3]","[1, 2, 3]",86.20%,0.428,31.03%,76.92%,93.94%
_B4__minus__B2___times___B4___times___B2_,500,"[1, 2, 3]","[1, 2, 3]",87.80%,0.516,34.48%,92.31%,94.87%
_B4__minus__B2___times___B4___slash___B2_,500,"[1, 2, 3]","[1, 2, 3]",86.20%,0.446,36.21%,76.92%,93.24%
_B4__minus__B2___slash___B4__plus__B2_,500,"[1, 2, 3]","[1, 2, 3]",92.60%,0.622,41.38%,76.92%,100.00%
_B4__minus__B2___slash___B4___times___B2_,500,"[1, 2, 3]","[1, 2, 3]",83.80%,0.384,20.69%,76.92%,92.54%
_B4__minus__B2___slash___B4___slash___B2_,500,"[1, 2, 3]","[1, 2, 3]",93.20%,0.707,58.62%,84.62%,98.14%
_B4___times___B2_,500,"[1, 2, 3]","[1, 2, 3]",90.60%,0.646,55.17%,84.62%,95.57%
B4__times___B2__plus__B4___plus__B2,500,"[1, 2, 3]","[1, 2, 3]",91.60%,0.684,67.24%,84.62%,95.10%
B4__times___B2__plus__B4___minus__B2,500,"[1, 2, 3]","[1, 2, 3]",91.60%,0.684,67.24%,84.62%,95.10%
B4__times___B2__plus__B4___times__B2,500,"[1, 2, 3]","[1, 2, 3]",90.20%,0.635,56.90%,84.62%,94.87%
B4__times___B2__plus__B4___slash__B2,500,"[1, 2, 3]","[1, 2, 3]",89.80%,0.600,51.72%,84.62%,95.10%
B4__times___B2__minus__B4___plus__B2,500,"[1, 2, 3]","[1, 2, 3]",86.40%,0.421,29.31%,76.92%,94.41%
B4__times___B2__minus__B4___minus__B2,500,"[1, 2, 3]","[1, 2, 3]",86.40%,0.421,29.31%,76.92%,94.41%
B4__times___B2__minus__B4___times__B2,500,"[1, 2, 3]","[1, 2, 3]",87.20%,0.517,34.48%,84.62%,94.41%
B4__times___B2__minus__B4___slash__B2,500,"[1, 2, 3]","[1, 2, 3]",87.20%,0.472,37.93%,76.92%,94.17%
_B4___times___B2___times___B4__plus__B2_,500,"[1, 2, 3]","[1, 2, 3]",90.20%,0.635,56.90%,84.62%,94.87%
_B4___times___B2___times___B4__minus__B2_,500,"[1, 2, 3]","[1, 2, 3]",87.80%,0.516,34.48%,92.31%,94.87%
_B4___times___B2___times___B4___times___B2_,500,"[1, 2, 3]","[1, 2, 3]",90.60%,0.644,53.45%,84.62%,95.80%
_B4___times___B2___times___B4___slash___B2_,500,"[1, 2, 3]","[1, 2, 3]",91.20%,0.680,70.69%,92.31%,93.94%
_B4___times___B2___slash___B4__plus__B2_,500,"[1, 2, 3]","[1, 2, 3]",93.40%,0.752,77.59%,84.62%,95.80%
_B4___times___B2___slash___B4___times___B2_,500,"[1, 2, 3]","[1, 2, 3]",94.00%,0.792,91.38%,100.00%,94.17%
_B4___slash___B2_,500,"[1, 2, 3]","[1, 2, 3]",94.20%,0.719,55.17%,76.92%,100.00%
B4__slash___B2__plus__B4___plus__B2,500,"[1, 2, 3]","[1, 2, 3]",93.80%,0.786,91.38%,100.00%,93.94%
B4__slash___B2__plus__B4___minus__B2,500,"[1, 2, 3]","[1, 2, 3]",93.60%,0.781,93.10%,100.00%,93.47%
B4__slash___B2__plus__B4___times__B2,500,"[1, 2, 3]","[1, 2, 3]",93.40%,0.752,77.59%,84.62%,95.80%
B4__slash___B2__plus__B4___slash__B2,500,"[1, 2, 3]","[1, 2, 3]",96.40%,0.859,87.93%,84.62%,97.90%
_B4___slash___B2___times___B4__plus__B2_,500,"[1, 2, 3]","[1, 2, 3]",89.80%,0.600,51.72%,84.62%,95.10%
_B4___slash___B2___times___B4__minus__B2_,500,"[1, 2, 3]","[1, 2, 3]",86.20%,0.446,36.21%,76.92%,93.24%
_B4___slash___B2___times___B4___times___B2_,500,"[1, 2, 3]","[1, 2, 3]",91.20%,0.680,70.69%,92.31%,93.94%
_B4___slash___B2___times___B4___slash___B2_,500,"[1, 2, 3]","[1, 2, 3]",94.60%,0.745,60.34%,76.92%,99.77%
_B4___slash___B2___slash___B4__plus__B2_,500,"[1, 2, 3]","[1, 2, 3]",96.40%,0.859,87.93%,84.62%,97.90%
_B4___slash___B2___slash___B4___times___B2_,500,"[1, 2, 3]",[3],85.80%,0.000,No samples,No samples,100.00%
_B4___slash___B2___slash___B4___slash___B2_,500,"[1, 2, 3]",[3],85.80%,0.000,No samples,No samples,100.00%
_B3__plus__B4_,500,"[1, 2, 3]","[1, 2, 3]",91.00%,0.682,67.24%,92.31%,94.17%
_B3__plus__B4___plus___B3__plus__B4_,500,"[1, 2, 3]","[1, 2, 3]",91.00%,0.682,67.24%,92.31%,94.17%
_B3__plus__B4___plus___B3__minus__B4_,500,"[1, 2, 3]","[1, 2, 3]",92.40%,0.739,91.38%,84.62%,92.77%
_B3__plus__B4___plus___B3___times___B4_,500,"[1, 2, 3]","[1, 2, 3]",89.00%,0.603,55.17%,46.15%,94.87%
_B3__plus__B4___plus___B3___slash___B4_,500,"[1, 2, 3]","[1, 2, 3]",91.00%,0.682,67.24%,92.31%,94.17%
_B3__plus__B4___minus___B3__minus__B4_,500,"[1, 2, 3]","[1, 2, 3]",90.60%,0.659,65.52%,92.31%,93.94%
_B3__plus__B4___minus___B3___times___B4_,500,"[1, 2, 3]","[1, 2, 3]",88.00%,0.577,51.72%,46.15%,94.17%
_B3__plus__B4___minus___B3___slash___B4_,500,"[1, 2, 3]","[1, 2, 3]",91.00%,0.682,67.24%,92.31%,94.17%
_B3__plus__B4___times___B3__plus__B4_,500,"[1, 2, 3]","[1, 2, 3]",91.60%,0.699,68.97%,92.31%,94.64%
_B3__plus__B4___times___B3__minus__B4_,500,"[1, 2, 3]","[1, 2, 3]",85.20%,0.402,32.76%,61.54%,93.01%
_B3__plus__B4___times___B3___times___B4_,500,"[1, 2, 3]","[1, 2, 3]",89.40%,0.612,55.17%,53.85%,95.10%
_B3__plus__B4___times___B3___slash___B4_,500,"[1, 2, 3]","[1, 2, 3]",94.40%,0.782,79.31%,69.23%,97.20%
_B3__plus__B4___slash___B3___times___B4_,500,"[1, 2, 3]","[1, 2, 3]",90.60%,0.660,75.86%,76.92%,93.01%
_B3__plus__B4___slash___B3___slash___B4_,500,"[1, 2, 3]","[1, 2, 3]",93.60%,0.776,86.21%,100.00%,94.41%
_B3__minus__B4_,500,"[1, 2, 3]","[1, 2, 3]",92.60%,0.649,51.72%,69.23%,98.83%
_B3__minus__B4___plus___B3__plus__B4_,500,"[1, 2, 3]","[1, 2, 3]",92.40%,0.739,91.38%,84.62%,92.77%
_B3__minus__B4___plus___B3__minus__B4_,500,"[1, 2, 3]","[1, 2, 3]",92.60%,0.649,51.72%,69.23%,98.83%
_B3__minus__B4___plus___B3___times___B4_,500,"[1, 2, 3]","[1, 2, 3]",90.40%,0.653,65.52%,53.85%,94.87%
_B3__minus__B4___plus___B3___slash___B4_,500,"[1, 2, 3]","[1, 2, 3]",92.60%,0.652,51.72%,69.23%,98.83%
_B3__minus__B4___minus___B3__plus__B4_,500,"[1, 2, 3]","[1, 2, 3]",91.20%,0.683,72.41%,84.62%,93.94%
_B3__minus__B4___minus___B3___times___B4_,500,"[1, 2, 3]","[1, 2, 3]",88.40%,0.590,55.17%,46.15%,94.17%
_B3__minus__B4___minus___B3___slash___B4_,500,"[1, 2, 3]","[1, 2, 3]",92.40%,0.637,50.00%,69.23%,98.83%
_B3__minus__B4___times___B3__plus__B4_,500,"[1, 2, 3]","[1, 2, 3]",85.20%,0.402,32.76%,61.54%,93.01%
_B3__minus__B4___times___B3__minus__B4_,500,"[1, 2, 3]","[1, 2, 3]",92.00%,0.609,46.55%,69.23%,98.83%
_B3__minus__B4___times___B3___times___B4_,500,"[1, 2, 3]","[1, 2, 3]",85.80%,0.443,32.76%,69.23%,93.47%
_B3__minus__B4___times___B3___slash___B4_,500,"[1, 2, 3]","[1, 2, 3]",81.20%,0.350,18.97%,61.54%,90.21%
_B3__minus__B4___slash___B3__plus__B4_,500,"[1, 2, 3]","[1, 2, 3]",93.60%,0.696,55.17%,76.92%,99.30%
_B3__minus__B4___slash___B3___times___B4_,500,"[1, 2, 3]","[1, 2, 3]",94.40%,0.741,62.07%,76.92%,99.30%
_B3__minus__B4___slash___B3___slash___B4_,500,"[1, 2, 3]","[1, 2, 3]",95.00%,0.791,77.59%,76.92%,97.90%
_B3___times___B4_,500,"[1, 2, 3]","[1, 2, 3]",88.80%,0.597,53.45%,46.15%,94.87%
B3__times___B4__plus__B3___plus__B4,500,"[1, 2, 3]","[1, 2, 3]",92.00%,0.719,70.69%,100.00%,94.64%
B3__times___B4__plus__B3___minus__B4,500,"[1, 2, 3]","[1, 2, 3]",92.00%,0.719,70.69%,100.00%,94.64%
B3__times___B4__plus__B3___times__B4,500,"[1, 2, 3]","[1, 2, 3]",89.40%,0.612,55.17%,53.85%,95.10%
B3__times___B4__plus__B3___slash__B4,500,"[1, 2, 3]","[1, 2, 3]",94.40%,0.782,79.31%,69.23%,97.20%
B3__times___B4__minus__B3___plus__B4,500,"[1, 2, 3]","[1, 2, 3]",84.60%,0.406,27.59%,69.23%,92.77%
B3__times___B4__minus__B3___minus__B4,500,"[1, 2, 3]","[1, 2, 3]",84.60%,0.410,25.86%,76.92%,92.77%
B3__times___B4__minus__B3___times__B4,500,"[1, 2, 3]","[1, 2, 3]",85.60%,0.446,34.48%,69.23%,93.01%
B3__times___B4__minus__B3___slash__B4,500,"[1, 2, 3]","[1, 2, 3]",80.20%,0.374,18.97%,61.54%,89.04%
_B3___times___B4___times___B3__plus__B4_,500,"[1, 2, 3]","[1, 2, 3]",89.40%,0.612,55.17%,53.85%,95.10%
_B3___times___B4___times___B3__minus__B4_,500,"[1, 2, 3]","[1, 2, 3]",85.80%,0.443,32.76%,69.23%,93.47%
_B3___times___B4___times___B3___times___B4_,500,"[1, 2, 3]","[1, 2, 3]",89.20%,0.608,56.90%,46.15%,94.87%
_B3___times___B4___times___B3___slash___B4_,500,"[1, 2, 3]","[1, 2, 3]",92.60%,0.746,89.66%,92.31%,93.01%
_B3___times___B4___slash___B3__plus__B4_,500,"[1, 2, 3]","[1, 2, 3]",94.60%,0.808,91.38%,100.00%,94.87%
_B3___times___B4___slash___B3___times___B4_,500,"[1, 2, 3]","[1, 2, 3]",91.20%,0.680,70.69%,92.31%,93.94%
_B3___slash___B4_,500,"[1, 2, 3]","[1, 2, 3]",93.00%,0.655,48.28%,76.92%,99.53%
B3__slash___B4__plus__B3___plus__B4,500,"[1, 2, 3]","[1, 2, 3]",90.60%,0.659,65.52%,92.31%,93.94%
B3__slash___B4__plus__B3___minus__B4,500,"[1, 2, 3]","[1, 2, 3]",91.40%,0.691,72.41%,92.31%,93.94%
B3__slash___B4__plus__B3___times__B4,500,"[1, 2, 3]","[1, 2, 3]",94.60%,0.808,91.38%,100.00%,94.87%
B3__slash___B4__plus__B3___slash__B4,500,"[1, 2, 3]","[1, 2, 3]",90.00%,0.640,68.97%,76.92%,93.24%
_B3___slash___B4___times___B3__plus__B4_,500,"[1, 2, 3]","[1, 2, 3]",94.40%,0.782,79.31%,69.23%,97.20%
_B3___slash___B4___times___B3__minus__B4_,500,"[1, 2, 3]","[1, 2, 3]",81.20%,0.350,18.97%,61.54%,90.21%
_B3___slash___B4___times___B3___times___B4_,500,"[1, 2, 3]","[1, 2, 3]",92.40%,0.739,91.38%,84.62%,92.77%
_B3___slash___B4___times___B3___slash___B4_,500,"[1, 2, 3]","[1, 2, 3]",92.20%,0.592,37.93%,76.92%,100.00%
_B3___slash___B4___slash___B3__plus__B4_,500,"[1, 2, 3]","[1, 2, 3]",90.00%,0.640,68.97%,76.92%,93.24%
_B3___slash___B4___slash___B3___times___B4_,500,"[1, 2, 3]",[3],85.80%,0.000,No samples,No samples,100.00%
_B3___slash___B4___slash___B3___slash___B4_,500,"[1, 2, 3]",[3],85.80%,0.000,No samples,No samples,100.00%
_B4__plus__B3_,500,"[1, 2, 3]","[1, 2, 3]",91.00%,0.682,67.24%,92.31%,94.17%
_B4__plus__B3___plus___B4__plus__B3_,500,"[1, 2, 3]","[1, 2, 3]",91.00%,0.682,67.24%,92.31%,94.17%
_B4__plus__B3___plus___B4__minus__B3_,500,"[1, 2, 3]","[1, 2, 3]",90.60%,0.659,65.52%,92.31%,93.94%
_B4__plus__B3___plus___B4___times___B3_,500,"[1, 2, 3]","[1, 2, 3]",89.00%,0.603,55.17%,46.15%,94.87%
_B4__plus__B3___plus___B4___slash___B3_,500,"[1, 2, 3]","[1, 2, 3]",91.20%,0.687,67.24%,92.31%,94.41%
_B4__plus__B3___minus___B4__minus__B3_,500,"[1, 2, 3]","[1, 2, 3]",92.40%,0.739,91.38%,84.62%,92.77%
_B4__plus__B3___minus___B4___times___B3_,500,"[1, 2, 3]","[1, 2, 3]",88.00%,0.577,51.72%,46.15%,94.17%
_B4__plus__B3___minus___B4___slash___B3_,500,"[1, 2, 3]","[1, 2, 3]",91.00%,0.682,67.24%,92.31%,94.17%
_B4__plus__B3___times___B4__plus__B3_,500,"[1, 2, 3]","[1, 2, 3]",91.60%,0.699,68.97%,92.31%,94.64%
_B4__plus__B3___times___B4__minus__B3_,500,"[1, 2, 3]","[1, 2, 3]",86.00%,0.413,34.48%,61.54%,93.71%
_B4__plus__B3___times___B4___times___B3_,500,"[1, 2, 3]","[1, 2, 3]",89.40%,0.612,55.17%,53.85%,95.10%
_B4__plus__B3___times___B4___slash___B3_,500,"[1, 2, 3]","[1, 2, 3]",90.60%,0.660,75.86%,76.92%,93.01%
_B4__plus__B3___slash___B4___times___B3_,500,"[1, 2, 3]","[1, 2, 3]",94.40%,0.782,79.31%,69.23%,97.20%
_B4__plus__B3___slash___B4___slash___B3_,500,"[1, 2, 3]","[1, 2, 3]",93.60%,0.776,86.21%,100.00%,94.41%
_B4__minus__B3_,500,"[1, 2, 3]","[1, 2, 3]",90.80%,0.534,36.21%,69.23%,98.83%
_B4__minus__B3___plus___B4__plus__B3_,500,"[1, 2, 3]","[1, 2, 3]",90.60%,0.659,65.52%,92.31%,93.94%
_B4__minus__B3___plus___B4__minus__B3_,500,"[1, 2, 3]","[1, 2, 3]",90.80%,0.534,36.21%,69.23%,98.83%
_B4__minus__B3___plus___B4___times___B3_,500,"[1, 2, 3]","[1, 2, 3]",89.00%,0.603,55.17%,46.15%,94.87%
_B4__minus__B3___plus___B4___slash___B3_,500,"[1, 2, 3]","[1, 2, 3]",91.20%,0.561,39.66%,69.23%,98.83%
_B4__minus__B3___minus___B4__plus__B3_,500,"[1, 2, 3]","[1, 2, 3]",92.80%,0.756,93.10%,92.31%,92.77%
_B4__minus__B3___minus___B4___times___B3_,500,"[1, 2, 3]","[1, 2, 3]",87.80%,0.570,50.00%,46.15%,94.17%
_B4__minus__B3___minus___B4___slash___B3_,500,"[1, 2, 3]","[1, 2, 3]",91.20%,0.558,39.66%,69.23%,98.83%
_B4__minus__B3___times___B4__plus__B3_,500,"[1, 2, 3]","[1, 2, 3]",86.00%,0.413,34.48%,61.54%,93.71%
_B4__minus__B3___times___B4__minus__B3_,500,"[1, 2, 3]","[1, 2, 3]",92.00%,0.609,46.55%,69.23%,98.83%
_B4__minus__B3___times___B4___times___B3_,500,"[1, 2, 3]","[1, 2, 3]",85.60%,0.446,34.48%,69.23%,93.01%
_B4__minus__B3___times___B4___slash___B3_,500,"[1, 2, 3]","[1, 2, 3]",94.20%,0.734,62.07%,76.92%,99.07%
_B4__minus__B3___slash___B4___times___B3_,500,"[1, 2, 3]","[1, 2, 3]",80.20%,0.374,18.97%,61.54%,89.04%
_B4__minus__B3___slash___B4___slash___B3_,500,"[1, 2, 3]","[1, 2, 3]",95.40%,0.815,82.76%,84.62%,97.44%
_B4___times___B3_,500,"[1, 2, 3]","[1, 2, 3]",88.80%,0.597,53.45%,46.15%,94.87%
B4__times___B3__plus__B4___plus__B3,500,"[1, 2, 3]","[1, 2, 3]",91.80%,0.698,70.69%,92.31%,94.64%
B4__times___B3__plus__B4___minus__B3,500,"[1, 2, 3]","[1, 2, 3]",91.80%,0.698,70.69%,92.31%,94.64%
B4__times___B3__plus__B4___times__B3,500,"[1, 2, 3]","[1, 2, 3]",89.40%,0.612,55.17%,53.85%,95.10%
B4__times___B3__plus__B4___slash__B3,500,"[1, 2, 3]","[1, 2, 3]",90.60%,0.660,75.86%,76.92%,93.01%
B4__times___B3__minus__B4___plus__B3,500,"[1, 2, 3]","[1, 2, 3]",87.20%,0.458,41.38%,61.54%,94.17%
B4__times___B3__minus__B4___minus__B3,500,"[1, 2, 3]","[1, 2, 3]",87.20%,0.458,41.38%,61.54%,94.17%
B4__times___B3__minus__B4___times__B3,500,"[1, 2, 3]","[1, 2, 3]",85.80%,0.443,32.76%,69.23%,93.47%
B4__times___B3__minus__B4___slash__B3,500,"[1, 2, 3]","[1, 2, 3]",94.40%,0.741,62.07%,76.92%,99.30%
_B4___times___B3___times___B4__plus__B3_,500,"[1, 2, 3]","[1, 2, 3]",89.40%,0.612,55.17%,53.85%,95.10%
_B4___times___B3___times___B4__minus__B3_,500,"[1, 2, 3]","[1, 2, 3]",85.60%,0.446,34.48%,69.23%,93.01%
_B4___times___B3___times___B4___times___B3_,500,"[1, 2, 3]","[1, 2, 3]",89.20%,0.608,56.90%,46.15%,94.87%
_B4___times___B3___times___B4___slash___B3_,500,"[1, 2, 3]","[1, 2, 3]",91.20%,0.680,70.69%,92.31%,93.94%
_B4___times___B3___slash___B4__plus__B3_,500,"[1, 2, 3]","[1, 2, 3]",94.60%,0.808,91.38%,100.00%,94.87%
_B4___times___B3___slash___B4___times___B3_,500,"[1, 2, 3]","[1, 2, 3]",92.40%,0.739,91.38%,84.62%,92.77%
_B4___slash___B3_,500,"[1, 2, 3]","[1, 2, 3]",94.00%,0.734,65.52%,76.92%,98.37%
B4__slash___B3__plus__B4___plus__B3,500,"[1, 2, 3]","[1, 2, 3]",92.60%,0.748,91.38%,92.31%,92.77%
B4__slash___B3__plus__B4___minus__B3,500,"[1, 2, 3]","[1, 2, 3]",93.20%,0.767,93.10%,92.31%,93.24%
B4__slash___B3__plus__B4___times__B3,500,"[1, 2, 3]","[1, 2, 3]",94.60%,0.808,91.38%,100.00%,94.87%
B4__slash___B3__plus__B4___slash__B3,500,"[1, 2, 3]","[1, 2, 3]",95.40%,0.827,91.38%,84.62%,96.27%
_B4___slash___B3___times___B4__plus__B3_,500,"[1, 2, 3]","[1, 2, 3]",90.60%,0.660,75.86%,76.92%,93.01%
_B4___slash___B3___times___B4__minus__B3_,500,"[1, 2, 3]","[1, 2, 3]",94.20%,0.734,62.07%,76.92%,99.07%
_B4___slash___B3___times___B4___times___B3_,500,"[1, 2, 3]","[1, 2, 3]",91.20%,0.680,70.69%,92.31%,93.94%
_B4___slash___B3___times___B4___slash___B3_,500,"[1, 2, 3]","[1, 2, 3]",95.20%,0.800,79.31%,76.92%,97.90%
_B4___slash___B3___slash___B4__plus__B3_,500,"[1, 2, 3]","[1, 2, 3]",95.40%,0.827,91.38%,84.62%,96.27%
_B4___slash___B3___slash___B4___times___B3_,500,"[1, 2, 3]",[3],85.80%,0.000,No samples,No samples,100.00%
_B4___slash___B3___slash___B4___slash___B3_,500,"[1, 2, 3]",[3],85.80%,0.000,No samples,No samples,100.00%
_B1__plus__B2___plus__B3,500,"[1, 2, 3]","[1, 2, 3]",94.00%,0.796,96.55%,100.00%,93.47%
_B1__plus__B2___minus__B3,500,"[1, 2, 3]","[1, 2, 3]",90.40%,0.614,46.55%,69.23%,96.97%
_B1__plus__B2___times__B3,500,"[1, 2, 3]","[1, 2, 3]",93.00%,0.763,93.10%,92.31%,93.01%
_B1__plus__B2___slash__B3,500,"[1, 2, 3]","[1, 2, 3]",89.20%,0.481,20.69%,61.54%,99.30%
_B1__minus__B2___plus__B3,500,"[1, 2, 3]","[1, 2, 3]",95.40%,0.836,96.55%,92.31%,95.34%
_B1__minus__B2___minus__B3,500,"[1, 2, 3]","[1, 2, 3]",85.00%,0.477,20.69%,76.92%,93.94%
_B1__minus__B2___times__B3,500,"[1, 2, 3]","[1, 2, 3]",87.80%,0.513,22.41%,92.31%,96.50%
_B1__minus__B2___slash__B3,500,"[1, 2, 3]","[1, 2, 3]",86.80%,0.408,22.41%,61.54%,96.27%
B1__times___B2__plus__B3_,500,"[1, 2, 3]","[1, 2, 3]",95.00%,0.825,94.83%,100.00%,94.87%
B1__times___B2__minus__B3_,500,"[1, 2, 3]","[1, 2, 3]",87.60%,0.491,13.79%,84.62%,97.67%
_B1___times___B2___times__B3,500,"[1, 2, 3]","[1, 2, 3]",94.00%,0.795,94.83%,100.00%,93.71%
_B1___times___B2___slash__B3,500,"[1, 2, 3]","[1, 2, 3]",91.40%,0.646,53.45%,69.23%,97.20%
B1__slash___B2__plus__B3_,500,"[1, 2, 3]","[1, 2, 3]",88.40%,0.488,20.69%,84.62%,97.67%
_B1___slash___B2___times__B3,500,"[1, 2, 3]","[1, 2, 3]",95.00%,0.825,94.83%,100.00%,94.87%
_B1___slash___B2___slash__B3,500,"[1, 2, 3]","[1, 2, 3]",85.60%,0.504,22.41%,92.31%,93.94%
_B1__plus__B3___plus__B2,500,"[1, 2, 3]","[1, 2, 3]",94.00%,0.796,96.55%,100.00%,93.47%
_B1__plus__B3___minus__B2,500,"[1, 2, 3]","[1, 2, 3]",95.40%,0.836,96.55%,92.31%,95.34%
_B1__plus__B3___times__B2,500,"[1, 2, 3]","[1, 2, 3]",93.80%,0.788,93.10%,100.00%,93.71%
_B1__plus__B3___slash__B2,500,"[1, 2, 3]","[1, 2, 3]",91.40%,0.651,58.62%,53.85%,96.97%
_B1__minus__B3___plus__B2,500,"[1, 2, 3]","[1, 2, 3]",90.40%,0.614,46.55%,69.23%,96.97%
_B1__minus__B3___minus__B2,500,"[1, 2, 3]","[1, 2, 3]",85.00%,0.477,20.69%,76.92%,93.94%
_B1__minus__B3___times__B2,500,"[1, 2, 3]","[1, 2, 3]",86.40%,0.493,17.24%,92.31%,95.57%
_B1__minus__B3___slash__B2,500,"[1, 2, 3]","[1, 2, 3]",88.60%,0.477,20.69%,69.23%,98.37%
B1__times___B3__plus__B2_,500,"[1, 2, 3]","[1, 2, 3]",95.00%,0.825,94.83%,100.00%,94.87%
B1__times___B3__minus__B2_,500,"[1, 2, 3]","[1, 2, 3]",88.00%,0.490,13.79%,84.62%,98.14%
_B1___times___B3___times__B2,500,"[1, 2, 3]","[1, 2, 3]",94.00%,0.795,94.83%,100.00%,93.71%
_B1___times___B3___slash__B2,500,"[1, 2, 3]","[1, 2, 3]",95.00%,0.825,94.83%,100.00%,94.87%
B1__slash___B3__plus__B2_,500,"[1, 2, 3]","[1, 2, 3]",88.40%,0.488,20.69%,84.62%,97.67%
_B1___slash___B3___times__B2,500,"[1, 2, 3]","[1, 2, 3]",91.40%,0.646,53.45%,69.23%,97.20%
_B1___slash___B3___slash__B2,500,"[1, 2, 3]","[1, 2, 3]",85.60%,0.504,22.41%,92.31%,93.94%
_B2__plus__B1___plus__B3,500,"[1, 2, 3]","[1, 2, 3]",94.00%,0.796,96.55%,100.00%,93.47%
_B2__plus__B1___minus__B3,500,"[1, 2, 3]","[1, 2, 3]",90.40%,0.614,46.55%,69.23%,96.97%
_B2__plus__B1___times__B3,500,"[1, 2, 3]","[1, 2, 3]",93.00%,0.763,93.10%,92.31%,93.01%
_B2__plus__B1___slash__B3,500,"[1, 2, 3]","[1, 2, 3]",89.20%,0.481,20.69%,61.54%,99.30%
_B2__minus__B1___plus__B3,500,"[1, 2, 3]","[1, 2, 3]",85.00%,0.482,22.41%,76.92%,93.71%
_B2__minus__B1___minus__B3,500,"[1, 2, 3]","[1, 2, 3]",95.80%,0.851,98.28%,100.00%,95.34%
_B2__minus__B1___times__B3,500,"[1, 2, 3]","[1, 2, 3]",87.40%,0.507,20.69%,92.31%,96.27%
_B2__minus__B1___slash__B3,500,"[1, 2, 3]","[1, 2, 3]",86.80%,0.433,22.41%,61.54%,96.27%
B2__times___B1__plus__B3_,500,"[1, 2, 3]","[1, 2, 3]",93.80%,0.788,93.10%,100.00%,93.71%
B2__times___B1__minus__B3_,500,"[1, 2, 3]","[1, 2, 3]",86.40%,0.493,17.24%,92.31%,95.57%
_B2___times___B1___times__B3,500,"[1, 2, 3]","[1, 2, 3]",94.00%,0.795,94.83%,100.00%,93.71%
_B2___times___B1___slash__B3,500,"[1, 2, 3]","[1, 2, 3]",91.40%,0.646,53.45%,69.23%,97.20%
B2__slash___B1__plus__B3_,500,"[1, 2, 3]","[1, 2, 3]",91.60%,0.651,55.17%,61.54%,97.44%
_B2___slash___B1___times__B3,500,"[1, 2, 3]","[1, 2, 3]",85.40%,0.495,22.41%,84.62%,93.94%
_B2___slash___B1___slash__B3,500,"[1, 2, 3]","[1, 2, 3]",94.80%,0.821,100.00%,100.00%,93.94%
_B2__plus__B3___plus__B1,500,"[1, 2, 3]","[1, 2, 3]",94.00%,0.796,96.55%,100.00%,93.47%
_B2__plus__B3___minus__B1,500,"[1, 2, 3]","[1, 2, 3]",85.00%,0.482,22.41%,76.92%,93.71%
_B2__plus__B3___times__B1,500,"[1, 2, 3]","[1, 2, 3]",95.00%,0.825,94.83%,100.00%,94.87%
_B2__plus__B3___slash__B1,500,"[1, 2, 3]","[1, 2, 3]",87.80%,0.461,20.69%,76.92%,97.20%
_B2__minus__B3___plus__B1,500,"[1, 2, 3]","[1, 2, 3]",90.40%,0.614,46.55%,69.23%,96.97%
_B2__minus__B3___minus__B1,500,"[1, 2, 3]","[1, 2, 3]",95.80%,0.851,98.28%,100.00%,95.34%
_B2__minus__B3___times__B1,500,"[1, 2, 3]","[1, 2, 3]",87.60%,0.491,13.79%,84.62%,97.67%
_B2__minus__B3___slash__B1,500,"[1, 2, 3]","[1, 2, 3]",88.20%,0.468,15.52%,61.54%,98.83%
B2__times___B3__plus__B1_,500,"[1, 2, 3]","[1, 2, 3]",93.80%,0.788,93.10%,100.00%,93.71%
B2__times___B3__minus__B1_,500,"[1, 2, 3]","[1, 2, 3]",86.20%,0.492,17.24%,92.31%,95.34%
_B2___times___B3___times__B1,500,"[1, 2, 3]","[1, 2, 3]",94.00%,0.795,94.83%,100.00%,93.71%
_B2___times___B3___slash__B1,500,"[1, 2, 3]","[1, 2, 3]",85.40%,0.495,22.41%,84.62%,93.94%
B2__slash___B3__plus__B1_,500,"[1, 2, 3]","[1, 2, 3]",91.60%,0.651,55.17%,61.54%,97.44%
_B2___slash___B3___times__B1,500,"[1, 2, 3]","[1, 2, 3]",91.40%,0.646,53.45%,69.23%,97.20%
_B2___slash___B3___slash__B1,500,"[1, 2, 3]","[1, 2, 3]",94.80%,0.821,100.00%,100.00%,93.94%
_B3__plus__B1___plus__B2,500,"[1, 2, 3]","[1, 2, 3]",94.00%,0.796,96.55%,100.00%,93.47%
_B3__plus__B1___minus__B2,500,"[1, 2, 3]","[1, 2, 3]",95.40%,0.836,96.55%,92.31%,95.34%
_B3__plus__B1___times__B2,500,"[1, 2, 3]","[1, 2, 3]",93.80%,0.788,93.10%,100.00%,93.71%
_B3__plus__B1___slash__B2,500,"[1, 2, 3]","[1, 2, 3]",91.40%,0.651,58.62%,53.85%,96.97%
_B3__minus__B1___plus__B2,500,"[1, 2, 3]","[1, 2, 3]",85.00%,0.482,22.41%,76.92%,93.71%
_B3__minus__B1___minus__B2,500,"[1, 2, 3]","[1, 2, 3]",90.40%,0.611,48.28%,69.23%,96.74%
_B3__minus__B1___times__B2,500,"[1, 2, 3]","[1, 2, 3]",86.20%,0.492,17.24%,92.31%,95.34%
_B3__minus__B1___slash__B2,500,"[1, 2, 3]","[1, 2, 3]",88.60%,0.489,20.69%,76.92%,98.14%
B3__times___B1__plus__B2_,500,"[1, 2, 3]","[1, 2, 3]",93.00%,0.763,93.10%,92.31%,93.01%
B3__times___B1__minus__B2_,500,"[1, 2, 3]","[1, 2, 3]",87.80%,0.513,22.41%,92.31%,96.50%
_B3___times___B1___times__B2,500,"[1, 2, 3]","[1, 2, 3]",94.00%,0.795,94.83%,100.00%,93.71%
_B3___times___B1___slash__B2,500,"[1, 2, 3]","[1, 2, 3]",95.00%,0.825,94.83%,100.00%,94.87%
B3__slash___B1__plus__B2_,500,"[1, 2, 3]","[1, 2, 3]",89.20%,0.493,20.69%,69.23%,99.07%
_B3___slash___B1___times__B2,500,"[1, 2, 3]","[1, 2, 3]",85.40%,0.495,22.41%,84.62%,93.94%
_B3___slash___B1___slash__B2,500,"[1, 2, 3]","[1, 2, 3]",92.60%,0.686,55.17%,69.23%,98.37%
_B3__plus__B2___plus__B1,500,"[1, 2, 3]","[1, 2, 3]",94.00%,0.796,96.55%,100.00%,93.47%
_B3__plus__B2___minus__B1,500,"[1, 2, 3]","[1, 2, 3]",85.00%,0.482,22.41%,76.92%,93.71%
_B3__plus__B2___times__B1,500,"[1, 2, 3]","[1, 2, 3]",95.00%,0.825,94.83%,100.00%,94.87%
_B3__plus__B2___slash__B1,500,"[1, 2, 3]","[1, 2, 3]",87.80%,0.461,20.69%,76.92%,97.20%
_B3__minus__B2___plus__B1,500,"[1, 2, 3]","[1, 2, 3]",95.40%,0.836,96.55%,92.31%,95.34%
_B3__minus__B2___minus__B1,500,"[1, 2, 3]","[1, 2, 3]",90.40%,0.611,48.28%,69.23%,96.74%
_B3__minus__B2___times__B1,500,"[1, 2, 3]","[1, 2, 3]",88.00%,0.490,13.79%,84.62%,98.14%
_B3__minus__B2___slash__B1,500,"[1, 2, 3]","[1, 2, 3]",88.60%,0.482,17.24%,61.54%,99.07%
B3__times___B2__plus__B1_,500,"[1, 2, 3]","[1, 2, 3]",93.00%,0.763,93.10%,92.31%,93.01%
B3__times___B2__minus__B1_,500,"[1, 2, 3]","[1, 2, 3]",87.40%,0.507,20.69%,92.31%,96.27%
_B3___times___B2___times__B1,500,"[1, 2, 3]","[1, 2, 3]",94.00%,0.795,94.83%,100.00%,93.71%
_B3___times___B2___slash__B1,500,"[1, 2, 3]","[1, 2, 3]",85.40%,0.495,22.41%,84.62%,93.94%
B3__slash___B2__plus__B1_,500,"[1, 2, 3]","[1, 2, 3]",89.20%,0.493,20.69%,69.23%,99.07%
_B3___slash___B2___times__B1,500,"[1, 2, 3]","[1, 2, 3]",95.00%,0.825,94.83%,100.00%,94.87%
_B3___slash___B2___slash__B1,500,"[1, 2, 3]","[1, 2, 3]",92.60%,0.686,55.17%,69.23%,98.37%
_B1__plus__B2___plus__B4,500,"[1, 2, 3]","[1, 2, 3]",92.80%,0.735,74.14%,92.31%,95.34%
_B1__plus__B2___minus__B4,500,"[1, 2, 3]","[1, 2, 3]",91.00%,0.523,29.31%,84.62%,99.53%
_B1__plus__B2___times__B4,500,"[1, 2, 3]","[1, 2, 3]",90.80%,0.656,56.90%,84.62%,95.57%
_B1__plus__B2___slash__B4,500,"[1, 2, 3]","[1, 2, 3]",91.80%,0.582,36.21%,76.92%,99.77%
_B1__minus__B2___plus__B4,500,"[1, 2, 3]","[1, 2, 3]",92.60%,0.723,75.86%,84.62%,95.10%
_B1__minus__B2___minus__B4,500,"[1, 2, 3]","[1, 2, 3]",88.80%,0.559,36.21%,100.00%,95.57%
_B1__minus__B2___times__B4,500,"[1, 2, 3]","[1, 2, 3]",87.20%,0.493,24.14%,84.62%,95.80%
_B1__minus__B2___slash__B4,500,"[1, 2, 3]","[1, 2, 3]",85.00%,0.392,18.97%,61.54%,94.64%
B1__times___B2__plus__B4_,500,"[1, 2, 3]","[1, 2, 3]",89.20%,0.647,63.79%,100.00%,92.31%
B1__times___B2__minus__B4_,500,"[1, 2, 3]","[1, 2, 3]",85.60%,0.444,27.59%,69.23%,93.94%
_B1___times___B2___times__B4,500,"[1, 2, 3]","[1, 2, 3]",92.00%,0.714,74.14%,84.62%,94.64%
_B1___times___B2___slash__B4,500,"[1, 2, 3]","[1, 2, 3]",94.00%,0.728,56.90%,84.62%,99.30%
B1__slash___B2__plus__B4_,500,"[1, 2, 3]","[1, 2, 3]",92.40%,0.606,39.66%,76.92%,100.00%
_B1___slash___B2___times__B4,500,"[1, 2, 3]","[1, 2, 3]",92.80%,0.743,84.48%,92.31%,93.94%
_B1___slash___B2___slash__B4,500,"[1, 2, 3]","[1, 2, 3]",87.40%,0.508,31.03%,84.62%,95.10%
_B1__plus__B4___plus__B2,500,"[1, 2, 3]","[1, 2, 3]",92.80%,0.735,74.14%,92.31%,95.34%
_B1__plus__B4___minus__B2,500,"[1, 2, 3]","[1, 2, 3]",92.60%,0.723,75.86%,84.62%,95.10%
_B1__plus__B4___times__B2,500,"[1, 2, 3]","[1, 2, 3]",92.80%,0.722,67.24%,84.62%,96.50%
_B1__plus__B4___slash__B2,500,"[1, 2, 3]","[1, 2, 3]",94.60%,0.759,67.24%,76.92%,98.83%
_B1__minus__B4___plus__B2,500,"[1, 2, 3]","[1, 2, 3]",91.00%,0.523,29.31%,84.62%,99.53%
_B1__minus__B4___minus__B2,500,"[1, 2, 3]","[1, 2, 3]",88.80%,0.559,36.21%,100.00%,95.57%
_B1__minus__B4___times__B2,500,"[1, 2, 3]","[1, 2, 3]",86.80%,0.489,24.14%,84.62%,95.34%
_B1__minus__B4___slash__B2,500,"[1, 2, 3]","[1, 2, 3]",91.60%,0.569,34.48%,76.92%,99.77%
B1__times___B4__plus__B2_,500,"[1, 2, 3]","[1, 2, 3]",89.20%,0.647,63.79%,100.00%,92.31%
B1__times___B4__minus__B2_,500,"[1, 2, 3]","[1, 2, 3]",86.00%,0.447,25.86%,76.92%,94.41%
_B1___times___B4___times__B2,500,"[1, 2, 3]","[1, 2, 3]",92.00%,0.714,74.14%,84.62%,94.64%
_B1___times___B4___slash__B2,500,"[1, 2, 3]","[1, 2, 3]",92.80%,0.743,84.48%,92.31%,93.94%
B1__slash___B4__plus__B2_,500,"[1, 2, 3]","[1, 2, 3]",92.40%,0.606,39.66%,76.92%,100.00%
_B1___slash___B4___times__B2,500,"[1, 2, 3]","[1, 2, 3]",94.00%,0.728,56.90%,84.62%,99.30%
_B1___slash___B4___slash__B2,500,"[1, 2, 3]","[1, 2, 3]",87.40%,0.508,31.03%,84.62%,95.10%
_B2__plus__B1___plus__B4,500,"[1, 2, 3]","[1, 2, 3]",92.80%,0.735,74.14%,92.31%,95.34%
_B2__plus__B1___minus__B4,500,"[1, 2, 3]","[1, 2, 3]",91.00%,0.523,29.31%,84.62%,99.53%
_B2__plus__B1___times__B4,500,"[1, 2, 3]","[1, 2, 3]",90.80%,0.656,56.90%,84.62%,95.57%
_B2__plus__B1___slash__B4,500,"[1, 2, 3]","[1, 2, 3]",91.80%,0.582,36.21%,76.92%,99.77%
_B2__minus__B1___plus__B4,500,"[1, 2, 3]","[1, 2, 3]",88.20%,0.549,36.21%,92.31%,95.10%
_B2__minus__B1___minus__B4,500,"[1, 2, 3]","[1, 2, 3]",92.20%,0.709,74.14%,84.62%,94.87%
_B2__minus__B1___times__B4,500,"[1, 2, 3]","[1, 2, 3]",86.60%,0.476,24.14%,84.62%,95.10%
_B2__minus__B1___slash__B4,500,"[1, 2, 3]","[1, 2, 3]",85.40%,0.423,20.69%,76.92%,94.41%
B2__times___B1__plus__B4_,500,"[1, 2, 3]","[1, 2, 3]",92.80%,0.722,67.24%,84.62%,96.50%
B2__times___B1__minus__B4_,500,"[1, 2, 3]","[1, 2, 3]",86.80%,0.489,24.14%,84.62%,95.34%
_B2___times___B1___times__B4,500,"[1, 2, 3]","[1, 2, 3]",92.00%,0.714,74.14%,84.62%,94.64%
_B2___times___B1___slash__B4,500,"[1, 2, 3]","[1, 2, 3]",94.00%,0.728,56.90%,84.62%,99.30%
B2__slash___B1__plus__B4_,500,"[1, 2, 3]","[1, 2, 3]",94.00%,0.715,56.90%,76.92%,99.53%
_B2___slash___B1___times__B4,500,"[1, 2, 3]","[1, 2, 3]",87.40%,0.499,29.31%,84.62%,95.34%
_B2___slash___B1___slash__B4,500,"[1, 2, 3]","[1, 2, 3]",92.20%,0.721,81.03%,92.31%,93.71%
_B2__plus__B4___plus__B1,500,"[1, 2, 3]","[1, 2, 3]",92.80%,0.735,74.14%,92.31%,95.34%
_B2__plus__B4___minus__B1,500,"[1, 2, 3]","[1, 2, 3]",88.20%,0.549,36.21%,92.31%,95.10%
_B2__plus__B4___times__B1,500,"[1, 2, 3]","[1, 2, 3]",89.20%,0.647,63.79%,100.00%,92.31%
_B2__plus__B4___slash__B1,500,"[1, 2, 3]","[1, 2, 3]",92.40%,0.609,37.93%,84.62%,100.00%
_B2__minus__B4___plus__B1,500,"[1, 2, 3]","[1, 2, 3]",91.00%,0.523,29.31%,84.62%,99.53%
_B2__minus__B4___minus__B1,500,"[1, 2, 3]","[1, 2, 3]",92.20%,0.709,74.14%,84.62%,94.87%
_B2__minus__B4___times__B1,500,"[1, 2, 3]","[1, 2, 3]",85.60%,0.444,27.59%,69.23%,93.94%
_B2__minus__B4___slash__B1,500,"[1, 2, 3]","[1, 2, 3]",92.00%,0.592,37.93%,76.92%,99.77%
B2__times___B4__plus__B1_,500,"[1, 2, 3]","[1, 2, 3]",92.80%,0.722,67.24%,84.62%,96.50%
B2__times___B4__minus__B1_,500,"[1, 2, 3]","[1, 2, 3]",86.80%,0.489,24.14%,84.62%,95.34%
_B2___times___B4___times__B1,500,"[1, 2, 3]","[1, 2, 3]",92.00%,0.714,74.14%,84.62%,94.64%
_B2___times___B4___slash__B1,500,"[1, 2, 3]","[1, 2, 3]",87.40%,0.499,29.31%,84.62%,95.34%
B2__slash___B4__plus__B1_,500,"[1, 2, 3]","[1, 2, 3]",94.00%,0.715,56.90%,76.92%,99.53%
_B2___slash___B4___times__B1,500,"[1, 2, 3]","[1, 2, 3]",94.00%,0.728,56.90%,84.62%,99.30%
_B2___slash___B4___slash__B1,500,"[1, 2, 3]","[1, 2, 3]",92.20%,0.721,81.03%,92.31%,93.71%
_B4__plus__B1___plus__B2,500,"[1, 2, 3]","[1, 2, 3]",92.80%,0.735,74.14%,92.31%,95.34%
_B4__plus__B1___minus__B2,500,"[1, 2, 3]","[1, 2, 3]",92.60%,0.723,75.86%,84.62%,95.10%
_B4__plus__B1___times__B2,500,"[1, 2, 3]","[1, 2, 3]",92.80%,0.722,67.24%,84.62%,96.50%
_B4__plus__B1___slash__B2,500,"[1, 2, 3]","[1, 2, 3]",94.60%,0.759,67.24%,76.92%,98.83%
_B4__minus__B1___plus__B2,500,"[1, 2, 3]","[1, 2, 3]",88.20%,0.549,36.21%,92.31%,95.10%
_B4__minus__B1___minus__B2,500,"[1, 2, 3]","[1, 2, 3]",90.80%,0.508,27.59%,84.62%,99.53%
_B4__minus__B1___times__B2,500,"[1, 2, 3]","[1, 2, 3]",86.80%,0.489,24.14%,84.62%,95.34%
_B4__minus__B1___slash__B2,500,"[1, 2, 3]","[1, 2, 3]",91.80%,0.579,36.21%,76.92%,99.77%
B4__times___B1__plus__B2_,500,"[1, 2, 3]","[1, 2, 3]",90.80%,0.656,56.90%,84.62%,95.57%
B4__times___B1__minus__B2_,500,"[1, 2, 3]","[1, 2, 3]",87.20%,0.493,24.14%,84.62%,95.80%
_B4___times___B1___times__B2,500,"[1, 2, 3]","[1, 2, 3]",92.00%,0.714,74.14%,84.62%,94.64%
_B4___times___B1___slash__B2,500,"[1, 2, 3]","[1, 2, 3]",92.80%,0.743,84.48%,92.31%,93.94%
B4__slash___B1__plus__B2_,500,"[1, 2, 3]","[1, 2, 3]",92.00%,0.598,39.66%,76.92%,99.53%
_B4___slash___B1___times__B2,500,"[1, 2, 3]","[1, 2, 3]",87.40%,0.499,29.31%,84.62%,95.34%
_B4___slash___B1___slash__B2,500,"[1, 2, 3]","[1, 2, 3]",94.40%,0.758,63.79%,92.31%,98.60%
_B4__plus__B2___plus__B1,500,"[1, 2, 3]","[1, 2, 3]",92.80%,0.735,74.14%,92.31%,95.34%
_B4__plus__B2___minus__B1,500,"[1, 2, 3]","[1, 2, 3]",88.20%,0.549,36.21%,92.31%,95.10%
_B4__plus__B2___times__B1,500,"[1, 2, 3]","[1, 2, 3]",89.20%,0.647,63.79%,100.00%,92.31%
_B4__plus__B2___slash__B1,500,"[1, 2, 3]","[1, 2, 3]",92.40%,0.609,37.93%,84.62%,100.00%
_B4__minus__B2___plus__B1,500,"[1, 2, 3]","[1, 2, 3]",92.60%,0.723,75.86%,84.62%,95.10%
_B4__minus__B2___minus__B1,500,"[1, 2, 3]","[1, 2, 3]",90.80%,0.508,27.59%,84.62%,99.53%
_B4__minus__B2___times__B1,500,"[1, 2, 3]","[1, 2, 3]",86.00%,0.447,25.86%,76.92%,94.41%
_B4__minus__B2___slash__B1,500,"[1, 2, 3]","[1, 2, 3]",93.20%,0.666,48.28%,76.92%,99.77%
B4__times___B2__plus__B1_,500,"[1, 2, 3]","[1, 2, 3]",90.80%,0.656,56.90%,84.62%,95.57%
B4__times___B2__minus__B1_,500,"[1, 2, 3]","[1, 2, 3]",86.60%,0.476,24.14%,84.62%,95.10%
_B4___times___B2___times__B1,500,"[1, 2, 3]","[1, 2, 3]",92.00%,0.714,74.14%,84.62%,94.64%
_B4___times___B2___slash__B1,500,"[1, 2, 3]","[1, 2, 3]",87.40%,0.499,29.31%,84.62%,95.34%
B4__slash___B2__plus__B1_,500,"[1, 2, 3]","[1, 2, 3]",92.00%,0.598,39.66%,76.92%,99.53%
_B4___slash___B2___times__B1,500,"[1, 2, 3]","[1, 2, 3]",92.80%,0.743,84.48%,92.31%,93.94%
_B4___slash___B2___slash__B1,500,"[1, 2, 3]","[1, 2, 3]",94.40%,0.758,63.79%,92.31%,98.60%
_B1__plus__B3___plus__B4,500,"[1, 2, 3]","[1, 2, 3]",93.60%,0.747,67.24%,92.31%,97.20%
_B1__plus__B3___minus__B4,500,"[1, 2, 3]","[1, 2, 3]",93.80%,0.695,50.00%,84.62%,100.00%
_B1__plus__B3___times__B4,500,"[1, 2, 3]","[1, 2, 3]",92.00%,0.698,63.79%,84.62%,96.04%
_B1__plus__B3___slash__B4,500,"[1, 2, 3]","[1, 2, 3]",91.60%,0.550,32.76%,76.92%,100.00%
_B1__minus__B3___plus__B4,500,"[1, 2, 3]","[1, 2, 3]",91.80%,0.687,70.69%,92.31%,94.64%
_B1__minus__B3___minus__B4,500,"[1, 2, 3]","[1, 2, 3]",89.00%,0.548,34.48%,92.31%,96.27%
_B1__minus__B3___times__B4,500,"[1, 2, 3]","[1, 2, 3]",88.20%,0.494,20.69%,84.62%,97.44%
_B1__minus__B3___slash__B4,500,"[1, 2, 3]","[1, 2, 3]",87.20%,0.470,18.97%,69.23%,96.97%
B1__times___B3__plus__B4_,500,"[1, 2, 3]","[1, 2, 3]",90.60%,0.685,70.69%,100.00%,93.01%
B1__times___B3__minus__B4_,500,"[1, 2, 3]","[1, 2, 3]",87.60%,0.495,44.83%,69.23%,93.94%
_B1___times___B3___times__B4,500,"[1, 2, 3]","[1, 2, 3]",91.20%,0.697,72.41%,100.00%,93.47%
_B1___times___B3___slash__B4,500,"[1, 2, 3]","[1, 2, 3]",95.60%,0.805,72.41%,76.92%,99.30%
B1__slash___B3__plus__B4_,500,"[1, 2, 3]","[1, 2, 3]",91.20%,0.548,34.48%,76.92%,99.30%
_B1___slash___B3___times__B4,500,"[1, 2, 3]","[1, 2, 3]",93.20%,0.744,81.03%,84.62%,95.10%
_B1___slash___B3___slash__B4,500,"[1, 2, 3]","[1, 2, 3]",86.40%,0.512,25.86%,100.00%,94.17%
_B1__plus__B4___plus__B3,500,"[1, 2, 3]","[1, 2, 3]",93.60%,0.747,67.24%,92.31%,97.20%
_B1__plus__B4___minus__B3,500,"[1, 2, 3]","[1, 2, 3]",91.80%,0.687,70.69%,92.31%,94.64%
_B1__plus__B4___times__B3,500,"[1, 2, 3]","[1, 2, 3]",92.80%,0.735,72.41%,92.31%,95.57%
_B1__plus__B4___slash__B3,500,"[1, 2, 3]","[1, 2, 3]",90.20%,0.499,32.76%,69.23%,98.60%
_B1__minus__B4___plus__B3,500,"[1, 2, 3]","[1, 2, 3]",93.80%,0.695,50.00%,84.62%,100.00%
_B1__minus__B4___minus__B3,500,"[1, 2, 3]","[1, 2, 3]",89.00%,0.548,34.48%,92.31%,96.27%
_B1__minus__B4___times__B3,500,"[1, 2, 3]","[1, 2, 3]",86.20%,0.493,24.14%,100.00%,94.17%
_B1__minus__B4___slash__B3,500,"[1, 2, 3]","[1, 2, 3]",92.00%,0.591,39.66%,76.92%,99.53%
B1__times___B4__plus__B3_,500,"[1, 2, 3]","[1, 2, 3]",90.60%,0.685,70.69%,100.00%,93.01%
B1__times___B4__minus__B3_,500,"[1, 2, 3]","[1, 2, 3]",87.00%,0.472,41.38%,69.23%,93.71%
_B1___times___B4___times__B3,500,"[1, 2, 3]","[1, 2, 3]",91.20%,0.697,72.41%,100.00%,93.47%
_B1___times___B4___slash__B3,500,"[1, 2, 3]","[1, 2, 3]",93.20%,0.744,81.03%,84.62%,95.10%
B1__slash___B4__plus__B3_,500,"[1, 2, 3]","[1, 2, 3]",91.20%,0.548,34.48%,76.92%,99.30%
_B1___slash___B4___times__B3,500,"[1, 2, 3]","[1, 2, 3]",95.60%,0.805,72.41%,76.92%,99.30%
_B1___slash___B4___slash__B3,500,"[1, 2, 3]","[1, 2, 3]",86.40%,0.512,25.86%,100.00%,94.17%
_B3__plus__B1___plus__B4,500,"[1, 2, 3]","[1, 2, 3]",93.60%,0.747,67.24%,92.31%,97.20%
_B3__plus__B1___minus__B4,500,"[1, 2, 3]","[1, 2, 3]",93.80%,0.695,50.00%,84.62%,100.00%
_B3__plus__B1___times__B4,500,"[1, 2, 3]","[1, 2, 3]",92.00%,0.698,63.79%,84.62%,96.04%
_B3__plus__B1___slash__B4,500,"[1, 2, 3]","[1, 2, 3]",91.60%,0.550,32.76%,76.92%,100.00%
_B3__minus__B1___plus__B4,500,"[1, 2, 3]","[1, 2, 3]",89.40%,0.555,36.21%,92.31%,96.50%
_B3__minus__B1___minus__B4,500,"[1, 2, 3]","[1, 2, 3]",91.80%,0.681,67.24%,92.31%,95.10%
_B3__minus__B1___times__B4,500,"[1, 2, 3]","[1, 2, 3]",88.40%,0.506,20.69%,84.62%,97.67%
_B3__minus__B1___slash__B4,500,"[1, 2, 3]","[1, 2, 3]",87.60%,0.476,18.97%,69.23%,97.44%
B3__times___B1__plus__B4_,500,"[1, 2, 3]","[1, 2, 3]",92.80%,0.735,72.41%,92.31%,95.57%
B3__times___B1__minus__B4_,500,"[1, 2, 3]","[1, 2, 3]",86.20%,0.493,24.14%,100.00%,94.17%
_B3___times___B1___times__B4,500,"[1, 2, 3]","[1, 2, 3]",91.20%,0.697,72.41%,100.00%,93.47%
_B3___times___B1___slash__B4,500,"[1, 2, 3]","[1, 2, 3]",95.60%,0.805,72.41%,76.92%,99.30%
B3__slash___B1__plus__B4_,500,"[1, 2, 3]","[1, 2, 3]",89.60%,0.494,34.48%,69.23%,97.67%
_B3___slash___B1___times__B4,500,"[1, 2, 3]","[1, 2, 3]",87.00%,0.513,25.86%,100.00%,94.87%
_B3___slash___B1___slash__B4,500,"[1, 2, 3]","[1, 2, 3]",92.20%,0.713,75.86%,92.31%,94.41%
_B3__plus__B4___plus__B1,500,"[1, 2, 3]","[1, 2, 3]",93.60%,0.747,67.24%,92.31%,97.20%
_B3__plus__B4___minus__B1,500,"[1, 2, 3]","[1, 2, 3]",89.40%,0.555,36.21%,92.31%,96.50%
_B3__plus__B4___times__B1,500,"[1, 2, 3]","[1, 2, 3]",90.60%,0.685,70.69%,100.00%,93.01%
_B3__plus__B4___slash__B1,500,"[1, 2, 3]","[1, 2, 3]",91.60%,0.565,34.48%,76.92%,99.77%
_B3__minus__B4___plus__B1,500,"[1, 2, 3]","[1, 2, 3]",93.80%,0.695,50.00%,84.62%,100.00%
_B3__minus__B4___minus__B1,500,"[1, 2, 3]","[1, 2, 3]",91.80%,0.681,67.24%,92.31%,95.10%
_B3__minus__B4___times__B1,500,"[1, 2, 3]","[1, 2, 3]",87.60%,0.495,44.83%,69.23%,93.94%
_B3__minus__B4___slash__B1,500,"[1, 2, 3]","[1, 2, 3]",93.20%,0.663,48.28%,76.92%,99.77%
B3__times___B4__plus__B1_,500,"[1, 2, 3]","[1, 2, 3]",92.80%,0.735,72.41%,92.31%,95.57%
B3__times___B4__minus__B1_,500,"[1, 2, 3]","[1, 2, 3]",86.40%,0.494,24.14%,100.00%,94.41%
_B3___times___B4___times__B1,500,"[1, 2, 3]","[1, 2, 3]",91.20%,0.697,72.41%,100.00%,93.47%
_B3___times___B4___slash__B1,500,"[1, 2, 3]","[1, 2, 3]",87.00%,0.513,25.86%,100.00%,94.87%
B3__slash___B4__plus__B1_,500,"[1, 2, 3]","[1, 2, 3]",89.60%,0.494,34.48%,69.23%,97.67%
_B3___slash___B4___times__B1,500,"[1, 2, 3]","[1, 2, 3]",95.60%,0.805,72.41%,76.92%,99.30%
_B3___slash___B4___slash__B1,500,"[1, 2, 3]","[1, 2, 3]",92.20%,0.713,75.86%,92.31%,94.41%
_B4__plus__B1___plus__B3,500,"[1, 2, 3]","[1, 2, 3]",93.60%,0.747,67.24%,92.31%,97.20%
_B4__plus__B1___minus__B3,500,"[1, 2, 3]","[1, 2, 3]",91.80%,0.687,70.69%,92.31%,94.64%
_B4__plus__B1___times__B3,500,"[1, 2, 3]","[1, 2, 3]",92.80%,0.735,72.41%,92.31%,95.57%
_B4__plus__B1___slash__B3,500,"[1, 2, 3]","[1, 2, 3]",90.20%,0.499,32.76%,69.23%,98.60%
_B4__minus__B1___plus__B3,500,"[1, 2, 3]","[1, 2, 3]",89.40%,0.555,36.21%,92.31%,96.50%
_B4__minus__B1___minus__B3,500,"[1, 2, 3]","[1, 2, 3]",93.40%,0.670,48.28%,76.92%,100.00%
_B4__minus__B1___times__B3,500,"[1, 2, 3]","[1, 2, 3]",86.40%,0.494,24.14%,100.00%,94.41%
_B4__minus__B1___slash__B3,500,"[1, 2, 3]","[1, 2, 3]",91.40%,0.543,34.48%,69.23%,99.77%
B4__times___B1__plus__B3_,500,"[1, 2, 3]","[1, 2, 3]",92.00%,0.698,63.79%,84.62%,96.04%
B4__times___B1__minus__B3_,500,"[1, 2, 3]","[1, 2, 3]",88.20%,0.494,20.69%,84.62%,97.44%
_B4___times___B1___times__B3,500,"[1, 2, 3]","[1, 2, 3]",91.20%,0.697,72.41%,100.00%,93.47%
_B4___times___B1___slash__B3,500,"[1, 2, 3]","[1, 2, 3]",93.20%,0.744,81.03%,84.62%,95.10%
B4__slash___B1__plus__B3_,500,"[1, 2, 3]","[1, 2, 3]",93.20%,0.663,48.28%,76.92%,99.77%
_B4___slash___B1___times__B3,500,"[1, 2, 3]","[1, 2, 3]",87.00%,0.513,25.86%,100.00%,94.87%
_B4___slash___B1___slash__B3,500,"[1, 2, 3]","[1, 2, 3]",97.60%,0.904,94.83%,76.92%,98.60%
_B4__plus__B3___plus__B1,500,"[1, 2, 3]","[1, 2, 3]",93.60%,0.747,67.24%,92.31%,97.20%
_B4__plus__B3___minus__B1,500,"[1, 2, 3]","[1, 2, 3]",89.40%,0.555,36.21%,92.31%,96.50%
_B4__plus__B3___times__B1,500,"[1, 2, 3]","[1, 2, 3]",90.60%,0.685,70.69%,100.00%,93.01%
_B4__plus__B3___slash__B1,500,"[1, 2, 3]","[1, 2, 3]",91.60%,0.565,34.48%,76.92%,99.77%
_B4__minus__B3___plus__B1,500,"[1, 2, 3]","[1, 2, 3]",91.80%,0.687,70.69%,92.31%,94.64%
_B4__minus__B3___minus__B1,500,"[1, 2, 3]","[1, 2, 3]",93.40%,0.670,48.28%,76.92%,100.00%
_B4__minus__B3___times__B1,500,"[1, 2, 3]","[1, 2, 3]",87.00%,0.472,41.38%,69.23%,93.71%
_B4__minus__B3___slash__B1,500,"[1, 2, 3]","[1, 2, 3]",93.60%,0.687,51.72%,76.92%,99.77%
B4__times___B3__plus__B1_,500,"[1, 2, 3]","[1, 2, 3]",92.00%,0.698,63.79%,84.62%,96.04%
B4__times___B3__minus__B1_,500,"[1, 2, 3]","[1, 2, 3]",88.40%,0.506,20.69%,84.62%,97.67%
_B4___times___B3___times__B1,500,"[1, 2, 3]","[1, 2, 3]",91.20%,0.697,72.41%,100.00%,93.47%
_B4___times___B3___slash__B1,500,"[1, 2, 3]","[1, 2, 3]",87.00%,0.513,25.86%,100.00%,94.87%
B4__slash___B3__plus__B1_,500,"[1, 2, 3]","[1, 2, 3]",93.20%,0.663,48.28%,76.92%,99.77%
_B4___slash___B3___times__B1,500,"[1, 2, 3]","[1, 2, 3]",93.20%,0.744,81.03%,84.62%,95.10%
_B4___slash___B3___slash__B1,500,"[1, 2, 3]","[1, 2, 3]",97.60%,0.904,94.83%,76.92%,98.60%
_B2__plus__B3___plus__B4,500,"[1, 2, 3]","[1, 2, 3]",92.20%,0.709,68.97%,84.62%,95.57%
_B2__plus__B3___minus__B4,500,"[1, 2, 3]","[1, 2, 3]",95.00%,0.771,63.79%,84.62%,99.53%
_B2__plus__B3___times__B4,500,"[1, 2, 3]","[1, 2, 3]",91.60%,0.690,67.24%,76.92%,95.34%
_B2__plus__B3___slash__B4,500,"[1, 2, 3]","[1, 2, 3]",92.40%,0.605,43.10%,61.54%,100.00%
_B2__minus__B3___plus__B4,500,"[1, 2, 3]","[1, 2, 3]",90.80%,0.649,62.07%,84.62%,94.87%
_B2__minus__B3___minus__B4,500,"[1, 2, 3]","[1, 2, 3]",89.20%,0.591,41.38%,100.00%,95.34%
_B2__minus__B3___times__B4,500,"[1, 2, 3]","[1, 2, 3]",88.40%,0.492,17.24%,84.62%,98.14%
_B2__minus__B3___slash__B4,500,"[1, 2, 3]","[1, 2, 3]",87.80%,0.489,15.52%,69.23%,98.14%
B2__times___B3__plus__B4_,500,"[1, 2, 3]","[1, 2, 3]",91.00%,0.661,53.45%,84.62%,96.27%
B2__times___B3__minus__B4_,500,"[1, 2, 3]","[1, 2, 3]",85.60%,0.422,36.21%,61.54%,93.01%
_B2___times___B3___times__B4,500,"[1, 2, 3]","[1, 2, 3]",94.00%,0.772,75.86%,92.31%,96.50%
_B2___times___B3___slash__B4,500,"[1, 2, 3]","[1, 2, 3]",95.60%,0.811,75.86%,76.92%,98.83%
B2__slash___B3__plus__B4_,500,"[1, 2, 3]","[1, 2, 3]",89.00%,0.495,37.93%,61.54%,96.74%
_B2___slash___B3___times__B4,500,"[1, 2, 3]","[1, 2, 3]",91.20%,0.664,72.41%,76.92%,94.17%
_B2___slash___B3___slash__B4,500,"[1, 2, 3]","[1, 2, 3]",87.20%,0.550,34.48%,92.31%,94.17%
_B2__plus__B4___plus__B3,500,"[1, 2, 3]","[1, 2, 3]",92.20%,0.709,68.97%,84.62%,95.57%
_B2__plus__B4___minus__B3,500,"[1, 2, 3]","[1, 2, 3]",90.80%,0.649,62.07%,84.62%,94.87%
_B2__plus__B4___times__B3,500,"[1, 2, 3]","[1, 2, 3]",91.40%,0.690,62.07%,100.00%,95.10%
_B2__plus__B4___slash__B3,500,"[1, 2, 3]","[1, 2, 3]",90.40%,0.510,32.76%,76.92%,98.60%
_B2__minus__B4___plus__B3,500,"[1, 2, 3]","[1, 2, 3]",95.00%,0.771,63.79%,84.62%,99.53%
_B2__minus__B4___minus__B3,500,"[1, 2, 3]","[1, 2, 3]",89.20%,0.591,41.38%,100.00%,95.34%
_B2__minus__B4___times__B3,500,"[1, 2, 3]","[1, 2, 3]",87.00%,0.510,25.86%,100.00%,94.87%
_B2__minus__B4___slash__B3,500,"[1, 2, 3]","[1, 2, 3]",94.40%,0.738,60.34%,76.92%,99.53%
B2__times___B4__plus__B3_,500,"[1, 2, 3]","[1, 2, 3]",91.00%,0.661,53.45%,84.62%,96.27%
B2__times___B4__minus__B3_,500,"[1, 2, 3]","[1, 2, 3]",84.80%,0.403,32.76%,61.54%,92.54%
_B2___times___B4___times__B3,500,"[1, 2, 3]","[1, 2, 3]",94.00%,0.772,75.86%,92.31%,96.50%
_B2___times___B4___slash__B3,500,"[1, 2, 3]","[1, 2, 3]",91.20%,0.664,72.41%,76.92%,94.17%
B2__slash___B4__plus__B3_,500,"[1, 2, 3]","[1, 2, 3]",89.00%,0.495,37.93%,61.54%,96.74%
_B2___slash___B4___times__B3,500,"[1, 2, 3]","[1, 2, 3]",95.60%,0.811,75.86%,76.92%,98.83%
_B2___slash___B4___slash__B3,500,"[1, 2, 3]","[1, 2, 3]",87.20%,0.550,34.48%,92.31%,94.17%
_B3__plus__B2___plus__B4,500,"[1, 2, 3]","[1, 2, 3]",92.20%,0.709,68.97%,84.62%,95.57%
_B3__plus__B2___minus__B4,500,"[1, 2, 3]","[1, 2, 3]",95.00%,0.771,63.79%,84.62%,99.53%
_B3__plus__B2___times__B4,500,"[1, 2, 3]","[1, 2, 3]",91.60%,0.690,67.24%,76.92%,95.34%
_B3__plus__B2___slash__B4,500,"[1, 2, 3]","[1, 2, 3]",92.40%,0.605,43.10%,61.54%,100.00%
_B3__minus__B2___plus__B4,500,"[1, 2, 3]","[1, 2, 3]",87.60%,0.556,36.21%,92.31%,94.41%
_B3__minus__B2___minus__B4,500,"[1, 2, 3]","[1, 2, 3]",90.20%,0.628,60.34%,84.62%,94.41%
_B3__minus__B2___times__B4,500,"[1, 2, 3]","[1, 2, 3]",88.80%,0.517,17.24%,84.62%,98.60%
_B3__minus__B2___slash__B4,500,"[1, 2, 3]","[1, 2, 3]",87.60%,0.480,15.52%,69.23%,97.90%
B3__times___B2__plus__B4_,500,"[1, 2, 3]","[1, 2, 3]",91.40%,0.690,62.07%,100.00%,95.10%
B3__times___B2__minus__B4_,500,"[1, 2, 3]","[1, 2, 3]",87.00%,0.510,25.86%,100.00%,94.87%
_B3___times___B2___times__B4,500,"[1, 2, 3]","[1, 2, 3]",94.00%,0.772,75.86%,92.31%,96.50%
_B3___times___B2___slash__B4,500,"[1, 2, 3]","[1, 2, 3]",95.60%,0.811,75.86%,76.92%,98.83%
B3__slash___B2__plus__B4_,500,"[1, 2, 3]","[1, 2, 3]",90.60%,0.523,34.48%,76.92%,98.60%
_B3___slash___B2___times__B4,500,"[1, 2, 3]","[1, 2, 3]",89.40%,0.606,41.38%,100.00%,95.57%
_B3___slash___B2___slash__B4,500,"[1, 2, 3]","[1, 2, 3]",91.60%,0.681,70.69%,84.62%,94.64%
_B3__plus__B4___plus__B2,500,"[1, 2, 3]","[1, 2, 3]",92.20%,0.709,68.97%,84.62%,95.57%
_B3__plus__B4___minus__B2,500,"[1, 2, 3]","[1, 2, 3]",87.60%,0.556,36.21%,92.31%,94.41%
_B3__plus__B4___times__B2,500,"[1, 2, 3]","[1, 2, 3]",91.00%,0.661,53.45%,84.62%,96.27%
_B3__plus__B4___slash__B2,500,"[1, 2, 3]","[1, 2, 3]",90.00%,0.526,37.93%,69.23%,97.67%
_B3__minus__B4___plus__B2,500,"[1, 2, 3]","[1, 2, 3]",95.00%,0.771,63.79%,84.62%,99.53%
_B3__minus__B4___minus__B2,500,"[1, 2, 3]","[1, 2, 3]",90.20%,0.628,60.34%,84.62%,94.41%
_B3__minus__B4___times__B2,500,"[1, 2, 3]","[1, 2, 3]",85.60%,0.422,36.21%,61.54%,93.01%
_B3__minus__B4___slash__B2,500,"[1, 2, 3]","[1, 2, 3]",95.00%,0.767,63.79%,76.92%,99.77%
B3__times___B4__plus__B2_,500,"[1, 2, 3]","[1, 2, 3]",91.40%,0.690,62.07%,100.00%,95.10%
B3__times___B4__minus__B2_,500,"[1, 2, 3]","[1, 2, 3]",86.60%,0.494,25.86%,92.31%,94.64%
_B3___times___B4___times__B2,500,"[1, 2, 3]","[1, 2, 3]",94.00%,0.772,75.86%,92.31%,96.50%
_B3___times___B4___slash__B2,500,"[1, 2, 3]","[1, 2, 3]",89.40%,0.606,41.38%,100.00%,95.57%
B3__slash___B4__plus__B2_,500,"[1, 2, 3]","[1, 2, 3]",90.60%,0.523,34.48%,76.92%,98.60%
_B3___slash___B4___times__B2,500,"[1, 2, 3]","[1, 2, 3]",95.60%,0.811,75.86%,76.92%,98.83%
_B3___slash___B4___slash__B2,500,"[1, 2, 3]","[1, 2, 3]",91.60%,0.681,70.69%,84.62%,94.64%
_B4__plus__B2___plus__B3,500,"[1, 2, 3]","[1, 2, 3]",92.20%,0.709,68.97%,84.62%,95.57%
_B4__plus__B2___minus__B3,500,"[1, 2, 3]","[1, 2, 3]",90.80%,0.649,62.07%,84.62%,94.87%
_B4__plus__B2___times__B3,500,"[1, 2, 3]","[1, 2, 3]",91.40%,0.690,62.07%,100.00%,95.10%
_B4__plus__B2___slash__B3,500,"[1, 2, 3]","[1, 2, 3]",90.40%,0.510,32.76%,76.92%,98.60%
_B4__minus__B2___plus__B3,500,"[1, 2, 3]","[1, 2, 3]",87.60%,0.556,36.21%,92.31%,94.41%
_B4__minus__B2___minus__B3,500,"[1, 2, 3]","[1, 2, 3]",94.80%,0.757,60.34%,84.62%,99.77%
_B4__minus__B2___times__B3,500,"[1, 2, 3]","[1, 2, 3]",86.60%,0.494,25.86%,92.31%,94.64%
_B4__minus__B2___slash__B3,500,"[1, 2, 3]","[1, 2, 3]",93.60%,0.696,56.90%,69.23%,99.30%
B4__times___B2__plus__B3_,500,"[1, 2, 3]","[1, 2, 3]",91.60%,0.690,67.24%,76.92%,95.34%
B4__times___B2__minus__B3_,500,"[1, 2, 3]","[1, 2, 3]",88.40%,0.492,17.24%,84.62%,98.14%
_B4___times___B2___times__B3,500,"[1, 2, 3]","[1, 2, 3]",94.00%,0.772,75.86%,92.31%,96.50%
_B4___times___B2___slash__B3,500,"[1, 2, 3]","[1, 2, 3]",91.20%,0.664,72.41%,76.92%,94.17%
B4__slash___B2__plus__B3_,500,"[1, 2, 3]","[1, 2, 3]",93.60%,0.687,51.72%,76.92%,99.77%
_B4___slash___B2___times__B3,500,"[1, 2, 3]","[1, 2, 3]",89.40%,0.606,41.38%,100.00%,95.57%
_B4___slash___B2___slash__B3,500,"[1, 2, 3]","[1, 2, 3]",97.40%,0.896,94.83%,76.92%,98.37%
_B4__plus__B3___plus__B2,500,"[1, 2, 3]","[1, 2, 3]",92.20%,0.709,68.97%,84.62%,95.57%
_B4__plus__B3___minus__B2,500,"[1, 2, 3]","[1, 2, 3]",87.60%,0.556,36.21%,92.31%,94.41%
_B4__plus__B3___times__B2,500,"[1, 2, 3]","[1, 2, 3]",91.00%,0.661,53.45%,84.62%,96.27%
_B4__plus__B3___slash__B2,500,"[1, 2, 3]","[1, 2, 3]",90.00%,0.526,37.93%,69.23%,97.67%
_B4__minus__B3___plus__B2,500,"[1, 2, 3]","[1, 2, 3]",90.80%,0.649,62.07%,84.62%,94.87%
_B4__minus__B3___minus__B2,500,"[1, 2, 3]","[1, 2, 3]",94.80%,0.757,60.34%,84.62%,99.77%
_B4__minus__B3___times__B2,500,"[1, 2, 3]","[1, 2, 3]",84.80%,0.403,32.76%,61.54%,92.54%
_B4__minus__B3___slash__B2,500,"[1, 2, 3]","[1, 2, 3]",95.20%,0.775,63.79%,76.92%,100.00%
B4__times___B3__plus__B2_,500,"[1, 2, 3]","[1, 2, 3]",91.60%,0.690,67.24%,76.92%,95.34%
B4__times___B3__minus__B2_,500,"[1, 2, 3]","[1, 2, 3]",88.80%,0.517,17.24%,84.62%,98.60%
_B4___times___B3___times__B2,500,"[1, 2, 3]","[1, 2, 3]",94.00%,0.772,75.86%,92.31%,96.50%
_B4___times___B3___slash__B2,500,"[1, 2, 3]","[1, 2, 3]",89.40%,0.606,41.38%,100.00%,95.57%
B4__slash___B3__plus__B2_,500,"[1, 2, 3]","[1, 2, 3]",93.60%,0.687,51.72%,76.92%,99.77%
_B4___slash___B3___times__B2,500,"[1, 2, 3]","[1, 2, 3]",91.20%,0.664,72.41%,76.92%,94.17%
_B4___slash___B3___slash__B2,500,"[1, 2, 3]","[1, 2, 3]",97.40%,0.896,94.83%,76.92%,98.37%
_B1__plus__B2___plus___B3__plus__B4_,500,"[1, 2, 3]","[1, 2, 3]",92.60%,0.719,56.90%,100.00%,97.20%
_B1__plus__B2___plus___B3__minus__B4_,500,"[1, 2, 3]","[1, 2, 3]",95.20%,0.782,65.52%,84.62%,99.53%
_B1__plus__B2___plus___B3___times___B4_,500,"[1, 2, 3]","[1, 2, 3]",89.80%,0.631,62.07%,46.15%,94.87%
_B1__plus__B2___plus___B3___slash___B4_,500,"[1, 2, 3]","[1, 2, 3]",94.00%,0.788,87.93%,100.00%,94.64%
_B1__plus__B2___minus___B3__plus__B4_,500,"[1, 2, 3]","[1, 2, 3]",87.60%,0.442,27.59%,76.92%,96.04%
_B1__plus__B2___minus___B3__minus__B4_,500,"[1, 2, 3]","[1, 2, 3]",92.40%,0.718,75.86%,92.31%,94.64%
_B1__plus__B2___minus___B3___times___B4_,500,"[1, 2, 3]","[1, 2, 3]",88.00%,0.577,51.72%,46.15%,94.17%
_B1__plus__B2___minus___B3___slash___B4_,500,"[1, 2, 3]","[1, 2, 3]",93.60%,0.776,87.93%,100.00%,94.17%
_B1__plus__B2___times___B3__plus__B4_,500,"[1, 2, 3]","[1, 2, 3]",92.80%,0.719,60.34%,92.31%,97.20%
_B1__plus__B2___times___B3__minus__B4_,500,"[1, 2, 3]","[1, 2, 3]",86.00%,0.450,43.10%,61.54%,92.54%
_B1__plus__B2___times___B3___times___B4_,500,"[1, 2, 3]","[1, 2, 3]",93.80%,0.762,72.41%,92.31%,96.74%
_B1__plus__B2___times___B3___slash___B4_,500,"[1, 2, 3]","[1, 2, 3]",96.20%,0.837,79.31%,76.92%,99.07%
_B1__plus__B2___slash___B3__plus__B4_,500,"[1, 2, 3]","[1, 2, 3]",88.40%,0.498,36.21%,69.23%,96.04%
_B1__plus__B2___slash___B3___times___B4_,500,"[1, 2, 3]","[1, 2, 3]",92.20%,0.701,79.31%,69.23%,94.64%
_B1__plus__B2___slash___B3___slash___B4_,500,"[1, 2, 3]","[1, 2, 3]",88.00%,0.538,27.59%,100.00%,95.80%
_B1__minus__B2___plus___B3__plus__B4_,500,"[1, 2, 3]","[1, 2, 3]",93.40%,0.749,74.14%,92.31%,96.04%
_B1__minus__B2___plus___B3__minus__B4_,500,"[1, 2, 3]","[1, 2, 3]",90.00%,0.475,27.59%,69.23%,99.07%
_B1__minus__B2___plus___B3___times___B4_,500,"[1, 2, 3]","[1, 2, 3]",89.00%,0.603,55.17%,46.15%,94.87%
_B1__minus__B2___plus___B3___slash___B4_,500,"[1, 2, 3]","[1, 2, 3]",87.40%,0.466,20.69%,84.62%,96.50%
_B1__minus__B2___minus___B3__plus__B4_,500,"[1, 2, 3]","[1, 2, 3]",88.80%,0.619,58.62%,92.31%,92.77%
_B1__minus__B2___minus___B3__minus__B4_,500,"[1, 2, 3]","[1, 2, 3]",89.40%,0.464,27.59%,84.62%,97.90%
_B1__minus__B2___minus___B3___times___B4_,500,"[1, 2, 3]","[1, 2, 3]",88.00%,0.577,51.72%,46.15%,94.17%
_B1__minus__B2___minus___B3___slash___B4_,500,"[1, 2, 3]","[1, 2, 3]",87.60%,0.474,20.69%,84.62%,96.74%
_B1__minus__B2___times___B3__plus__B4_,500,"[1, 2, 3]","[1, 2, 3]",88.20%,0.499,22.41%,84.62%,97.20%
_B1__minus__B2___times___B3__minus__B4_,500,"[1, 2, 3]","[1, 2, 3]",83.60%,0.334,20.69%,53.85%,93.01%
_B1__minus__B2___times___B3___times___B4_,500,"[1, 2, 3]","[1, 2, 3]",88.20%,0.522,24.14%,84.62%,96.97%
_B1__minus__B2___times___B3___slash___B4_,500,"[1, 2, 3]","[1, 2, 3]",87.20%,0.470,20.69%,92.31%,96.04%
_B1__minus__B2___slash___B3__plus__B4_,500,"[1, 2, 3]","[1, 2, 3]",86.40%,0.408,18.97%,61.54%,96.27%
_B1__minus__B2___slash___B3___times___B4_,500,"[1, 2, 3]","[1, 2, 3]",85.20%,0.386,24.14%,76.92%,93.71%
_B1__minus__B2___slash___B3___slash___B4_,500,"[1, 2, 3]","[1, 2, 3]",86.80%,0.481,20.69%,61.54%,96.50%
B1__times___B2__plus__B3___plus__B4,500,"[1, 2, 3]","[1, 2, 3]",95.00%,0.825,94.83%,100.00%,94.87%
B1__times___B2__plus__B3___minus__B4,500,"[1, 2, 3]","[1, 2, 3]",94.80%,0.819,94.83%,100.00%,94.64%
B1__times___B2__plus__B3___times__B4,500,"[1, 2, 3]","[1, 2, 3]",92.60%,0.726,72.41%,84.62%,95.57%
B1__times___B2__plus__B3___slash__B4,500,"[1, 2, 3]","[1, 2, 3]",94.80%,0.766,68.97%,69.23%,99.07%
B1__times___B2__minus__B3___plus__B4,500,"[1, 2, 3]","[1, 2, 3]",87.80%,0.493,13.79%,84.62%,97.90%
B1__times___B2__minus__B3___minus__B4,500,"[1, 2, 3]","[1, 2, 3]",87.80%,0.496,13.79%,84.62%,97.90%
B1__times___B2__minus__B3___times__B4,500,"[1, 2, 3]","[1, 2, 3]",87.80%,0.478,12.07%,84.62%,98.14%
B1__times___B2__minus__B3___slash__B4,500,"[1, 2, 3]","[1, 2, 3]",87.60%,0.466,13.79%,69.23%,98.14%
_B1___times___B2___times___B3__plus__B4_,500,"[1, 2, 3]","[1, 2, 3]",92.80%,0.740,72.41%,92.31%,95.57%
_B1___times___B2___times___B3__minus__B4_,500,"[1, 2, 3]","[1, 2, 3]",85.00%,0.455,25.86%,69.23%,93.47%
_B1___times___B2___times___B3___times___B4_,500,"[1, 2, 3]","[1, 2, 3]",92.60%,0.728,70.69%,92.31%,95.57%
_B1___times___B2___times___B3___slash___B4_,500,"[1, 2, 3]","[1, 2, 3]",96.60%,0.863,86.21%,76.92%,98.60%
_B1___times___B2___slash___B3__plus__B4_,500,"[1, 2, 3]","[1, 2, 3]",93.20%,0.697,51.72%,76.92%,99.30%
_B1___times___B2___slash___B3___times___B4_,500,"[1, 2, 3]","[1, 2, 3]",90.40%,0.647,60.34%,84.62%,94.64%
_B1___times___B2___slash___B3___slash___B4_,500,"[1, 2, 3]","[1, 2, 3]",86.60%,0.434,29.31%,76.92%,94.64%
B1__slash___B2__plus__B3___plus__B4,500,"[1, 2, 3]","[1, 2, 3]",90.40%,0.652,63.79%,92.31%,93.94%
B1__slash___B2__plus__B3___minus__B4,500,"[1, 2, 3]","[1, 2, 3]",91.40%,0.691,72.41%,92.31%,93.94%
B1__slash___B2__plus__B3___times__B4,500,"[1, 2, 3]","[1, 2, 3]",93.40%,0.756,84.48%,92.31%,94.64%
B1__slash___B2__plus__B3___slash__B4,500,"[1, 2, 3]","[1, 2, 3]",88.00%,0.550,31.03%,100.00%,95.34%
_B1___slash___B2___times___B3__plus__B4_,500,"[1, 2, 3]","[1, 2, 3]",91.60%,0.708,75.86%,92.31%,93.71%
_B1___slash___B2___times___B3__minus__B4_,500,"[1, 2, 3]","[1, 2, 3]",91.80%,0.614,46.55%,84.62%,98.14%
_B1___slash___B2___times___B3___times___B4_,500,"[1, 2, 3]","[1, 2, 3]",92.80%,0.731,65.52%,92.31%,96.50%
_B1___slash___B2___times___B3___slash___B4_,500,"[1, 2, 3]","[1, 2, 3]",91.80%,0.568,37.93%,61.54%,100.00%
_B1___slash___B2___slash___B3__plus__B4_,500,"[1, 2, 3]","[1, 2, 3]",87.60%,0.545,32.76%,92.31%,94.87%
_B1___slash___B2___slash___B3___times___B4_,500,"[1, 2, 3]","[1, 2, 3]",88.60%,0.472,36.21%,76.92%,96.04%
_B1___slash___B2___slash___B3___slash___B4_,500,"[1, 2, 3]","[1, 3]",86.00%,0.024,1.72%,No samples,100.00%
_B4__plus__B3___plus___B2__plus__B1_,500,"[1, 2, 3]","[1, 2, 3]",92.60%,0.719,56.90%,100.00%,97.20%
_B4__plus__B3___plus___B2__minus__B1_,500,"[1, 2, 3]","[1, 2, 3]",89.00%,0.622,55.17%,92.31%,93.47%
_B4__plus__B3___plus___B2___times___B1_,500,"[1, 2, 3]","[1, 2, 3]",94.00%,0.784,86.21%,92.31%,95.10%
_B4__plus__B3___plus___B2___slash___B1_,500,"[1, 2, 3]","[1, 2, 3]",91.00%,0.682,67.24%,92.31%,94.17%
_B4__plus__B3___minus___B2__plus__B1_,500,"[1, 2, 3]","[1, 2, 3]",87.40%,0.433,25.86%,76.92%,96.04%
_B4__plus__B3___minus___B2__minus__B1_,500,"[1, 2, 3]","[1, 2, 3]",93.40%,0.749,74.14%,92.31%,96.04%
_B4__plus__B3___minus___B2___times___B1_,500,"[1, 2, 3]","[1, 2, 3]",94.00%,0.786,86.21%,100.00%,94.87%
_B4__plus__B3___minus___B2___slash___B1_,500,"[1, 2, 3]","[1, 2, 3]",91.00%,0.682,67.24%,92.31%,94.17%
_B4__plus__B3___times___B2__plus__B1_,500,"[1, 2, 3]","[1, 2, 3]",92.80%,0.719,60.34%,92.31%,97.20%
_B4__plus__B3___times___B2__minus__B1_,500,"[1, 2, 3]","[1, 2, 3]",87.80%,0.496,22.41%,84.62%,96.74%
_B4__plus__B3___times___B2___times___B1_,500,"[1, 2, 3]","[1, 2, 3]",92.80%,0.740,72.41%,92.31%,95.57%
_B4__plus__B3___times___B2___slash___B1_,500,"[1, 2, 3]","[1, 2, 3]",88.00%,0.561,36.21%,92.31%,94.87%
_B4__plus__B3___slash___B2__plus__B1_,500,"[1, 2, 3]","[1, 2, 3]",90.60%,0.548,36.21%,69.23%,98.60%
_B4__plus__B3___slash___B2___times___B1_,500,"[1, 2, 3]","[1, 2, 3]",91.60%,0.708,75.86%,92.31%,93.71%
_B4__plus__B3___slash___B2___slash___B1_,500,"[1, 2, 3]","[1, 2, 3]",94.00%,0.745,60.34%,84.62%,98.83%
_B4__minus__B3___plus___B2__plus__B1_,500,"[1, 2, 3]","[1, 2, 3]",92.40%,0.718,75.86%,92.31%,94.64%
_B4__minus__B3___plus___B2__minus__B1_,500,"[1, 2, 3]","[1, 2, 3]",90.40%,0.499,32.76%,61.54%,99.07%
_B4__minus__B3___plus___B2___times___B1_,500,"[1, 2, 3]","[1, 2, 3]",94.00%,0.784,86.21%,92.31%,95.10%
_B4__minus__B3___plus___B2___slash___B1_,500,"[1, 2, 3]","[1, 2, 3]",91.00%,0.548,37.93%,69.23%,98.83%
_B4__minus__B3___minus___B2__plus__B1_,500,"[1, 2, 3]","[1, 2, 3]",94.80%,0.763,63.79%,84.62%,99.30%
_B4__minus__B3___minus___B2__minus__B1_,500,"[1, 2, 3]","[1, 2, 3]",89.40%,0.464,27.59%,84.62%,97.90%
_B4__minus__B3___minus___B2___times___B1_,500,"[1, 2, 3]","[1, 2, 3]",94.40%,0.797,86.21%,100.00%,95.34%
_B4__minus__B3___minus___B2___slash___B1_,500,"[1, 2, 3]","[1, 2, 3]",91.60%,0.587,43.10%,69.23%,98.83%
_B4__minus__B3___times___B2__plus__B1_,500,"[1, 2, 3]","[1, 2, 3]",86.00%,0.449,43.10%,61.54%,92.54%
_B4__minus__B3___times___B2__minus__B1_,500,"[1, 2, 3]","[1, 2, 3]",83.60%,0.334,20.69%,53.85%,93.01%
_B4__minus__B3___times___B2___times___B1_,500,"[1, 2, 3]","[1, 2, 3]",83.60%,0.417,17.24%,69.23%,93.01%
_B4__minus__B3___times___B2___slash___B1_,500,"[1, 2, 3]","[1, 2, 3]",91.00%,0.541,36.21%,69.23%,99.07%
_B4__minus__B3___slash___B2__plus__B1_,500,"[1, 2, 3]","[1, 2, 3]",94.00%,0.711,55.17%,76.92%,99.77%
_B4__minus__B3___slash___B2___times___B1_,500,"[1, 2, 3]","[1, 2, 3]",90.80%,0.565,41.38%,84.62%,97.67%
_B4__minus__B3___slash___B2___slash___B1_,500,"[1, 2, 3]","[1, 2, 3]",96.60%,0.854,81.03%,76.92%,99.30%
B4__times___B3__plus__B2___plus__B1,500,"[1, 2, 3]","[1, 2, 3]",91.60%,0.690,67.24%,76.92%,95.34%
B4__times___B3__plus__B2___minus__B1,500,"[1, 2, 3]","[1, 2, 3]",91.60%,0.690,67.24%,76.92%,95.34%
B4__times___B3__plus__B2___times__B1,500,"[1, 2, 3]","[1, 2, 3]",92.60%,0.726,72.41%,84.62%,95.57%
B4__times___B3__plus__B2___slash__B1,500,"[1, 2, 3]","[1, 2, 3]",87.80%,0.522,27.59%,100.00%,95.57%
B4__times___B3__minus__B2___plus__B1,500,"[1, 2, 3]","[1, 2, 3]",88.80%,0.513,17.24%,84.62%,98.60%
B4__times___B3__minus__B2___minus__B1,500,"[1, 2, 3]","[1, 2, 3]",89.00%,0.522,17.24%,84.62%,98.83%
B4__times___B3__minus__B2___times__B1,500,"[1, 2, 3]","[1, 2, 3]",87.40%,0.466,8.62%,92.31%,97.90%
B4__times___B3__minus__B2___slash__B1,500,"[1, 2, 3]","[1, 2, 3]",89.40%,0.478,20.69%,61.54%,99.53%
_B4___times___B3___times___B2__plus__B1_,500,"[1, 2, 3]","[1, 2, 3]",93.80%,0.762,72.41%,92.31%,96.74%
_B4___times___B3___times___B2__minus__B1_,500,"[1, 2, 3]","[1, 2, 3]",87.80%,0.516,25.86%,84.62%,96.27%
_B4___times___B3___times___B2___times___B1_,500,"[1, 2, 3]","[1, 2, 3]",92.60%,0.728,70.69%,92.31%,95.57%
_B4___times___B3___times___B2___slash___B1_,500,"[1, 2, 3]","[1, 2, 3]",85.40%,0.487,25.86%,53.85%,94.41%
_B4___times___B3___slash___B2__plus__B1_,500,"[1, 2, 3]","[1, 2, 3]",88.40%,0.526,27.59%,92.31%,96.50%
_B4___times___B3___slash___B2___times___B1_,500,"[1, 2, 3]","[1, 2, 3]",92.80%,0.731,65.52%,92.31%,96.50%
_B4___times___B3___slash___B2___slash___B1_,500,"[1, 2, 3]","[1, 2, 3]",86.60%,0.427,27.59%,76.92%,94.87%
B4__slash___B3__plus__B2___plus__B1,500,"[1, 2, 3]","[1, 2, 3]",94.60%,0.793,81.03%,84.62%,96.74%
B4__slash___B3__plus__B2___minus__B1,500,"[1, 2, 3]","[1, 2, 3]",94.20%,0.782,79.31%,84.62%,96.50%
B4__slash___B3__plus__B2___times__B1,500,"[1, 2, 3]","[1, 2, 3]",93.40%,0.756,84.48%,92.31%,94.64%
B4__slash___B3__plus__B2___slash__B1,500,"[1, 2, 3]","[1, 2, 3]",96.80%,0.868,89.66%,69.23%,98.60%
_B4___slash___B3___times___B2__plus__B1_,500,"[1, 2, 3]","[1, 2, 3]",92.20%,0.701,79.31%,69.23%,94.64%
_B4___slash___B3___times___B2__minus__B1_,500,"[1, 2, 3]","[1, 2, 3]",85.00%,0.394,24.14%,76.92%,93.47%
_B4___slash___B3___times___B2___times___B1_,500,"[1, 2, 3]","[1, 2, 3]",90.40%,0.647,60.34%,84.62%,94.64%
_B4___slash___B3___times___B2___slash___B1_,500,"[1, 2, 3]","[1, 2, 3]",94.00%,0.707,55.17%,69.23%,100.00%
_B4___slash___B3___slash___B2__plus__B1_,500,"[1, 2, 3]","[1, 2, 3]",97.40%,0.895,91.38%,84.62%,98.60%
_B4___slash___B3___slash___B2___times___B1_,500,"[1, 2, 3]","[1, 2, 3]",88.60%,0.472,36.21%,76.92%,96.04%
_B4___slash___B3___slash___B2___slash___B1_,500,"[1, 2, 3]","[1, 3]",95.80%,0.821,96.55%,No samples,98.60%
